应用名称	简述	安装量	用户点赞	应用描述
今日头条	新鲜的新闻推荐模式，只用5秒钟，就可以为你推荐你喜欢的新闻。	4368 万	10039	★用户量过2.6亿的新闻阅读客户端 ★占领AppStore新闻类榜首24个月 ★每天用户总在线时长超过7.2亿分钟 ★每天社交平台分享量达1000万次  ★5秒钟掌握你的新闻阅读兴趣点 你关心的，才是头条！<br />今日头条，聚合各大门户的全平台新闻资讯，涵盖热点新闻、科技、财经、社会、国际、娱乐、段子、图片、体育、军事、汽车... 随时随地分享新闻资讯到微博、微信、朋友圈、QQ空间等社交平台。！
多玩我的世界盒子	null	244 万	2055	多玩我的世界盒子是一款针对Minecraft PE的编辑器，是目前我的世界手机版功能很强大的游戏辅助工具！<br />多玩我的世界盒子由多玩旗下团队倾力打造。<br />- 「存档管理」支持存档导入导出备份改名！
澎湃新闻	有深度的新闻报道平台。	109 万	51	澎湃新闻，中文互联网新一代原创新闻平台，不断进化的时政思想新媒体。<br />你可能在各类新闻客户端上读过澎湃新闻的原创资讯，你应该开澎湃新闻看看这些资讯本来的样子，享受阅读乐趣。<br />新功能 问答社区：澎湃问吧，高质量问答社区，姚明、吴晓波、陈凯歌、陈文茜……名人达人等你发问，趣味问答等你阅读。
华尔街见闻	null	34 万	111	"华尔街见闻实时新闻团队，7*24小时为您紧盯全球金融市场，不放过每个投资机会。！<br />专业新闻团队，常驻纽约、香港、上海，寻访顶级基金经理、资深分析师，为您深度解读财经事件。<br />500位分析师常驻见闻App订阅频道, 最强大脑为您提供最佳投资策略，第一时间抓住盈利机会。"
天天快报	智能计算你的兴趣，为你推荐喜欢的内容。	72 万	15	“天天快报”是一款个性阅读、快乐吐槽的新闻阅读产品。！<br />智能计算你的兴趣，为你推荐喜欢的内容。<br />网罗全网热点――最快的资讯、最热的话题、朋友圈/微博疯转、身边新鲜事……一切尽收眼底。
QQ阅读	《琅琊榜》《云中歌》《鬼吹灯》不一样的结局在这里。	2274 万	3173	支持txt、epub、pdf、office、chm、umd、zip、rar全文档格式，提供海量正版书籍、网文神作，致力于打造优秀极致的阅读体验。！
腾讯新闻	腾讯官方出品的新闻客户端，号称 30 秒内重大事件触达，支持媒体订阅、收藏和分享至 QQ。	7451 万	814	腾讯新闻是腾讯公司为用户精心打造的一款拥有7x24小时全方位新闻报道的新闻产品，为用户提供高效、优质的资讯服务。<br />是各个电子市场上下载最多，资讯最新最全，浏览最快、最省流量的新闻产品。<br />24小时不间断更新，为你带来新闻现场第一手资讯；
书旗小说	书虫必备小说阅读神器，功能体验全面升级，全网小说任你搜。轻松离线，让你随时随地自由畅读。千万书友正在使用，还不快来下载。	3179 万	6606	书虫必备小说阅读神器，功能体验全面升级，大量免费小说！<br />一键缓存到本地，让你随时随地自由畅读。
喜马拉雅FM	2014红鲱鱼「亚洲科技创新100强」移动音频唯一获奖产品，随时随地，听你想听！	1089 万	2017	听有声小说、相声评书、新闻、音乐、脱口秀、段子笑话、英语、儿歌儿童故事，就用喜马拉雅！<br />喜马拉雅，中国最大音频分享平台，数亿人都在用的手机随身听！<br />喜马拉雅，2014、2015最火app，长期雄霸苹果商店图书榜第一 百万白领盛赞：上下班路上必备听神器  万千播主盛赞：最好的有声自媒体平台 ――【典型用户使用评价摘录】―― 公交族：  “无意中得到了一款应用，没想到如此好用，每天坐公交必备利器，坐公交车，等人的时候必备良品。！
掌阅iReader	经典人气电子书阅读器，界面简约功能强大，支持主流电子书格式，书城内容全面更新及时。	5840 万	12956	"免费阅读器支持TXT, UMD, PDF, EBK, CHM、EPUB等多种阅读格式。！<br />特色功能： 【精品书】精美图文混排、音乐伴读、视频解读；<br />【语音朗读】多种特色方言，享受听得乐趣；"
网易新闻	以跟贴评论著称的有态度的新闻门户，新版加入猜你喜欢功能，积分商城也更有趣。	4053 万	5230	◆ 多元：视频新闻、原创电台、图文资讯，各场景多重体验。<br />网易新闻客户端是网易公司全力打造的精品应用，因体验最流畅、新闻最快速、评论最犀利而备受推崇。<br />网易新闻客户端基于用户大数据和海量内容源，为用户量身打造移动阅读节奏，提供全场景阅读体验，满足用户多样化的资讯需求。
搜狐新闻	阅读新鲜事，热点报道推荐，了解天下资讯，智能符合你的口味。	4727 万	4372	覆盖图文、视频、音频、直播等全媒体内容形态，海量免费独家资源任您阅读。<br />一拉，就能看到你最感兴趣的新闻，通过手势上下拉出你的偏好，为你推荐个人最感兴趣的资讯，你的秘密我都知道。<br />看新闻、听新闻、看订阅、看视频、看直播、看美图、看好友动态，真正属于你的搜狐新闻客户端，你的零碎时间，都可以让搜狐新闻替你消磨。
腾讯动漫	腾讯官方出品，提供了诸多优秀且正版的漫画，没有广告且支持离线阅读。	183 万	4612	∑(?Д?ノ)ノ海量下载，随心所欲云书架，多种阅读模式自由切换，随时随地各种姿势尽情享受漫画君~ 【弹幕&<br />条漫】 条漫酱vs弹幕菌の奇妙物“语”――畅所欲言~手动点赞吐槽挖坑，用力去”爱“你喜欢 的条漫~ 【活动】酷炫刺激活动驾到！!;
内涵段子	安装内涵段子，帮你卸掉节操，尽享厕所时光，忘掉各种烦恼。	879 万	5124	最热辣段子，最爆笑的图片，最有趣的短视频，承包所有你无聊的时间。<br />汇集全网最火内容，一键分享，瞬间引爆朋友圈。！<br />【不喜欢】心中喜欢就点赞，彻底无爱请点叉，智能过滤，打造我的专属段子。
懒人听书	解放双眼，懒人听书让您一心两用，随时随地在有声的世界感受生活的美好。	1423 万	5361	4.交流社区：与主播和同好听友即时互动交流。<br />5.云端同步：支持iOS、Android、Web等多平台数据同步。<br />6.使用简便：去除多余的功能，老人小孩可以快速上手。
内涵段子	安装内涵段子，帮你卸掉节操，尽享厕所时光，忘掉各种烦恼。	879 万	5124	最热辣段子，最爆笑的图片，最有趣的短视频，承包所有你无聊的时间。<br />汇集全网最火内容，一键分享，瞬间引爆朋友圈。！<br />【不喜欢】心中喜欢就点赞，彻底无爱请点叉，智能过滤，打造我的专属段子。
汽车之家	汽车之家官方手机应用，有着全面、专业的汽车资讯内容，新版增加降价排行榜，车型车系频道大改版。	727 万	330	◆浏览页面：用户每月浏览汽车之家App页面数超15亿。<br />*****功能亮点*****  【专业资讯】最全最快的原创内容，随手掌握新车资讯、车型评测、行情导购、汽车文化等精彩文章，各种实用技巧让买车用车更简单。<br />【精彩论坛】全球最大最具影响力的汽车论坛，媳妇当车模、自驾游等海量精华热帖为您推荐，随时随地轻松参与话题互动！
豌豆荚一览	你感兴趣的应用内最新内容一览无余。	18 万	142	1 分钟看完所有应用的最新内容，像刷朋友圈一样「刷」应用，在一个页面看完 300+ 应用的最新内容 －支持知乎、Medium 等超过 300 个国内外优质应用 －不需安装，也能看见来自 Instagram、Flickr 和 NYT Now 的最新内容 -「自动离线」功能让你不费流量，随时看尽应用内的新鲜内容 - 版式优美，体验流畅，快速滑动浏览没有任何卡顿和等待 －像 iOS 一样滑动流畅
一点资讯	"个性化新闻资讯阅读应用，1,000,000+个优质频道供你自由订制，更可随心搜索你关注的资讯。"	203 万	171	苹果、凤凰联袂推荐的精品应用，满足你对资讯的一切需求！<br />新闻热点、时事资讯、健康知识、财经报道、 军事观察、生活百科、娱乐八卦、星座解读、 历史故事、摄影技巧、美食菜谱、育儿心经…… 最大的手机资讯库，做你的掌上资讯中心，你想看的，这里都有！<br />在了解新闻时事，关注最新资讯的同时，还可以订阅关心的行业频道知识，充电学习！
布卡漫画	出品于几个年轻人成立的工作室，同时为豌豆荚漫画频道提供内容，更新及时，有着很棒的阅读体验。	646 万	2402	重新认识手机漫画从布卡开始，欢迎来到布卡的世界^_^   布卡漫画是目前最受欢迎的漫画应用：   1.热门、新番、经典漫画 一应俱全，紧随网络同步更新；<br />，专为手机看漫画而优化，清晰度是普通整图浏览的2-4倍。;<br />4.首家支持离线下载模式的在线漫画应用，轻松随时随看；
2345阅读王	null	41 万	13	2345阅读王是一款拥有海量精品网络小说和完美阅读体验的手机阅读软件，汇集当前最火的网络小说，在功能、界面上追求简洁，高效；<br />其强大的离线小说下载功能，可以让读者0流量“随时随地，想读就读”。；<br />在2345阅读王可以找到各类不同用户的偏爱作品，包含男/女频类：玄幻、修仙，悬疑，青春，古代言情，穿越架空，总裁豪门等20大分类共计万余本热门原创小说。
和阅读	经典小说电子书阅读神器，支持主流阅读格式，海量免费内容抢先看随时看！	4694 万	7565	《云中歌》《花千骨》《盗墓笔记》刘烨献声的听书《小王子》……等等43万册热门好书，尽收口袋！<br />【软件介绍】  和阅读客户端是一款集阅读、互动多种功能于一体的全能型阅读器软件，支持Android2.3以上运行环境，全分辨率适配。！<br />拥有出版图书、原创小说、杂志、漫画、听书等多种内容形态，专注于用户体验、分享互动、丰富内容、个性化设置等，让您享受随身阅读的乐趣。
追书神器	专注网络小说追更新，简单快捷，书多，免费看，更新快。	255 万	11393	追书神器，专注网络小说追更新，小说多、更新快、免费看，简单易用，口碑之选！<br />【丰富书源】全网跨站搜索，百万书籍免费看，下载预读随身带；<br />【告别书荒】读者真实评测，辅以细致分类、专业榜单、主题书单和达人推荐，陪你发掘最想看的小说；
听听FM	全球音乐、脱口秀、相声小品、小说，世界这么大，尽在听听FM。	14 万	107	"听听FM是一款汇集了全球广播电台和点播音频的网络电台 听广播、小说、相声、评书、脱口秀、段子、亲子，更多选择，尽在""<br />不管你是摇滚控、段子迷，还是英伦腔、脱口秀党，这里都有你的菜，听听FM只做用户想要的。！"
漫画岛	上万部各类题材漫画实时连载，更新速度紧随官网脚步，让你先睹为快。	174 万	1152	独特的图片处理技术，节省更多空间，高清晰低内存的完美漫画，带给你别具一格的阅读体验；<br />3，智能搜索 分类涵盖题材，精选和作者3种方式，个性化推荐满足漫迷们的挑剔口味；<br />4. 界面清新，操作人性 软件风格简约时尚，重点突出，上手容易，让你轻松进入漫画世界！
今日头条	新鲜的新闻推荐模式，只用5秒钟，就可以为你推荐你喜欢的新闻。	4368 万	10039	★用户量过2.6亿的新闻阅读客户端 ★占领AppStore新闻类榜首24个月 ★每天用户总在线时长超过7.2亿分钟 ★每天社交平台分享量达1000万次  ★5秒钟掌握你的新闻阅读兴趣点 你关心的，才是头条！<br />今日头条，聚合各大门户的全平台新闻资讯，涵盖热点新闻、科技、财经、社会、国际、娱乐、段子、图片、体育、军事、汽车... 随时随地分享新闻资讯到微博、微信、朋友圈、QQ空间等社交平台。！
凤凰新闻	凤凰新闻一直拥有着独到的新闻视角，信息及时，观点中立。	1040 万	636	凤凰新闻客户端是凤凰新媒体倾力打造的移动新闻阅读产品，它延续了“凤凰系”独特的新闻理念和别具一格的新闻视角，并为此探索最佳的产品表现模式，为用户带来内容和产品的双重惊喜。<br />凤凰新闻客户端既是凤凰独特气质的继承者，也是新的凤凰风格的急先锋。<br />凤凰新闻客户端团队真诚期待您的宝贵建议。
51Talk-无忧英语	"无忧英语,每天只要25分钟,效率高才能学的会。"	3.6 万	13	"【号外、号外】：51Talk注册即送价值188元免费课程，先尝后买，嗨到你爽！<br />【服务特色】 ?	真人外教1对1 英文母语国家纯老外，VIP式1对1，面对面实时全程互动，即时纠正错误，轻松学习纯正英语 ?	低至15元/节课 贵族式教育，只要平民的价格！<br />人人都能学的起，从此不用再为高昂培训费所困扰 ?	25分钟高效学习方案 51Talk根据专家研究结论，特殊制定25分钟学习课程，精力最集中，学习最有效 ?	随时随地，想学就学 打开电脑（手机）、带上耳机，随时随地可开始你的精彩学习旅程 微信关注：woyaotalkenglish 微博关注：@51Talk无忧英语网。！"
宜搜小说	专业的网络文学阅读神器，1000万本小说书籍追书必备。	310 万	3206	【产品简介】  宜搜小说-最专业的网络小说电子书阅读、追更神器！<br />3，社交书友圈，跨平台分享、吐槽、互动不再孤单。<br />4，个性化自助找书，多种查找方式，满足你的口味。
爱读掌阅	老牌手机阅读应用，不仅在线图书资源丰富，本地阅读功能更为强大，支持 PDF/TXT/UMD 等常见格式。	6528 万	5900	"为超过3亿多的用户提供高品质的图书内容及智能化的用户体验，支持TXT, UMD, PDF, EBK, CHM、EPUB等多种手机阅读格式，目前拥有畅销、生活、文学等类别的优质图书数字版权30万册，在数字阅读领域，市场占有率稳居第一。<br />掌阅致力于通过更便捷的移动设备，数字化图书来传播知识，弘扬中华传统文化！<br />【语音朗读】多种特色方言，享受听得乐趣；"
简书	杂文时政、小说诗歌、电影评论，无论你的兴趣如何构成，总能在这里找到志趣相投的作者与内容。	15 万	96	在这里，你既可以发现各种新鲜有趣的内容，也可以找到引人深思的文章。<br />同时，提供富文本、Markdown以及其他各种独特功能，使得分享交流更加方便快捷；<br />简书是一个开放而友好的社区，每个人都可以在这里自由地发现或是分享内容。
快看漫画	这里有好多好多的原创漫画，快来享用吧！	31 万	4158	睡觉前、上厕所、等公交，只需要花几分钟，就可以秒看超多有趣的青春故事。！
多看阅读	免费电子书阅读器，全新界面及交互设计，简洁明亮的扁平化风格，让一切回归简单。	1501 万	2202	精美中文排版 + 海量好书，让您爱不释手!<br />独步武林的PDF 智能重排版，让PDF在移动设备上获得最佳呈现效果，读文档更舒服  6.阅读笔记、书摘、注释、字典功能，比纸质书更令人爱不释手  丰富的阅读工具为深度阅读用户、学者提供更多便利  。
宜搜小说	专业的网络文学阅读神器，1000万本小说书籍追书必备。	310 万	3206	【产品简介】  宜搜小说-最专业的网络小说电子书阅读、追更神器！<br />3，社交书友圈，跨平台分享、吐槽、互动不再孤单。<br />4，个性化自助找书，多种查找方式，满足你的口味。
糗事百科	爆笑的真实糗事分享社区，手机版无需邀请码可直接注册。	1156 万	5267	听说今天不顺心？ 看完前三条还不笑，我打你好不好！
快读免费小说	看小说必备神器，快读免费小说，上百万部小说任你阅读，小说更新实时提醒。	433 万	2678	快读免费小说 - 看小说必备神器 作为小说爱好者，你还在满世界去搜小说么？还在每天狂刷页面等更新么？ 快读免费小说，上百万部小说任你阅读，小说更新实时提醒，从此追书尽在掌握！<br />2. 在线阅读利用智能预读技术，保证阅读流畅，节省流量。<br />5. 一键下载所有更新章节，追书更方便。
追书神器	专注网络小说追更新，简单快捷，书多，免费看，更新快。	255 万	11393	追书神器，专注网络小说追更新，小说多、更新快、免费看，简单易用，口碑之选！<br />【丰富书源】全网跨站搜索，百万书籍免费看，下载预读随身带；<br />【告别书荒】读者真实评测，辅以细致分类、专业榜单、主题书单和达人推荐，陪你发掘最想看的小说；
暴走漫画	流行于网络的开放式漫画，以日常生活故事、笑话段子为主题的简单手绘表情漫画。	412 万	1129	超多逗比笑话刺激你的前列腺！<br />无论是在上班途中、如厕时、等车时、睡觉前，都是打发时间必备爆笑神器！
ZAKER	不仅是新闻资讯，更可以和小伙伴们在话题中畅聊。	1424 万	1192	它将资讯、微博、博客、报纸、杂志、图片等众多内容，按照用户意愿聚合到一起，实现深度个性化定制。<br />? 苹果 App Store Rewind 2011年度最佳新闻类产品 ? 2012年安卓全球开发者大会最佳应用平台TOP 10 主要特点： 1、媲美杂志的排版风格，享受极致阅读体验。<br />2、新闻、财经、科技、体育、汽车、时尚、娱乐、游戏动漫、星座、旅游、美食、美图等近20大频道，千种精品内容源，实时更新，自由添加。
百思不得姐	汇集网络上热门段子内涵漫画的搞笑社区，图文混搭，经常视节操为物，吃饭喝水时观看易喷。	433 万	7636	国内最火最全的搞笑娱乐社区，高大上女神都爱她 微博上最热最受欢迎的新闻糗事、美女图片、内涵段子、漫画冷笑话、搞笑视频 四种时段，任君挑选： 1、精华：时间宝贵，只看精华；
Kindle阅读	亚马逊出品的电子阅读应用，可以在亚马逊官方购买低价的正版电子图书，在你的 Android 设备上阅读。	17 万	40	"首发于2014年12月12日，她将会成为一款为中国读者量身定制的阅读应用。<br />Kindle跨平台: 支持PC,MAC, IOS和Android设备，在不同设备自动同步书签、笔记、标注以及阅读进度，确保您在不同场景下的阅读都可以保持一份从容！<br />Kindle价格优: 6千余册免费电子图书，各种各样的特惠活动，让您少花钱，拔素质，涨知识。！"
起点读书	起点中文网推出的一款阅读软件，支持本地阅读并提供起点在线书库，具备多种格式的解析阅读功能。	687 万	7793	小说阅读必备：火爆爽文，热门连载，经典原创，大神力作，应有尽有，海量作品，畅快阅读。<br />【海量小说，应有尽有】 玄幻奇幻、武侠仙侠、都市言情、竞技游戏、 科幻灵异、青春校园、穿越宫廷、历史军事， 只有想不到，没有读不到 【原创经典，一读再读】 斗罗大陆、盗墓笔记、大主宰、凡人修仙传... 众多大神力作，精彩不容错过 【界面简约，功能强大】 支持txt/epub/umd格式电子书导入；<br />定期有专题，节日办活动，起点币、奖品拿到手抽筋。；
知乎日报	知乎又一力作，每天轻松看牛人分享新鲜资讯，紧跟时事热点，做朋友圈里的新鲜事生产大户。	212 万	523	在中国，资讯类移动应用的人均阅读时长是 5 分钟。<br />」――36 氪 希望某一篇文章，能够成为您美好生活的新契机。
熊猫看书	老牌阅读软件，拥有海量的小说、杂志、漫画等内容，支持多达 50 多种格式，有着优秀的阅读体验。	1058 万	605	熊猫看书致力于打造手机阅读第一品牌，拥有海量原创小说，出版图书，以及杂志与漫画等资源。<br />在功能方面，她支持TXT、EPUB、PDF、UMD、NDB、NDZ、ZIP、RAR、CBR、CBZ等多达50多种书籍。<br />另 外，创新性的男女声智能朗读功能则让您充分享受“懒人”听书的乐趣。
快看免费小说	人气口袋移动图书馆，汇聚海量精品图书，囊括各类经典神作，是您和小伙伴们公车地铁、睡前饭后的消遣专用神器	77 万	3586	【海量书库】书城图书繁多，种类齐全，包括玄幻、武侠、言情、都市、穿越、宫斗、历史、军事、热门、网络、经典小说 【免费图书】每日为读书人提供各种不同的免费正版图书，包括免费原创小说及精品出版物。<br />【天天红包】书友群里土豪多，红包天天任性抢！<br />群号：179686501 【绿色产品】没有广告的烦扰，做个安静读书的美男子/美女吧；
一个	「一个」，每天只为你准备一张图画，一篇文字和一个问答。 由韩寒主编和监制，原《独唱团》主创成员共同制作。	341 万	2921	每天为你准备： ? 一张图画，ONE团队每天从国内外优秀插画师和摄影师中精选一幅打动人心的作品。<br />? 一篇文字，集结华语写作圈原创力量，诚心挖掘好文字。<br />? 一个东西，和物质世界保持良好沟通，每天都有新发现。
ZOL中关村在线	最新科技资讯，专业新品测评，丰富的产品库，为您提供最具价值的购买参考，还可逛论坛与大家一起交流心得。  	185 万	476	主要功能： 1、看资讯：每天丰富的原创文章，影响力覆盖多数用户的IT专业平台，即时资讯报道；<br />3、泡论坛：专业的数码产品论坛，与百万网友分享你的经验快乐；<br />4、赏大图：上万款产品的高清评测图解，从像素点去研究每个产品细节。；
高能贩动漫社区	二次元资讯社区。	14 万	167	［高能贩］是一款专为喜欢二次元的ACGer量身打造的资讯阅读器（装13利器），覆盖知名动漫游戏作品中最有趣、最有梗、最奇葩、最涨姿势的劲爆内容，萌、燃、宅、腐一应俱全。<br />主要功能： √【个性推荐】根据你的阅读点赞口味，每日推荐你可能感兴趣的个性化内容。<br />√【游戏礼包】趣味小游戏和小测试，更有大量游戏独家礼包，高能姬陪你轻松一刻。
豆瓣阅读	豆瓣出品的高质量数字阅读应用，书目每周更新，内容跨越多个门类，既有长篇大作，也有轻松小品。	140 万	488	【全新书店，独家内容】 - 自出版、图书、杂志三大频道，提供丰富数字阅读内容<br />- 自出版：6157位作者，4655部独家原创作品，作者获得70%收益<br />杂志：有《人物》《人民文学》等知名期刊，也有互联网内容精选 - 书店中的特色分类和精选专题，帮你快速找到合乎口味的好作品。;
当当读书	下当当 人人都有购书券	78 万	490	来体验新鲜接地气的社区生活吧！
酷我听书FM电台	null	209 万	316	国内最全有声资源，50000部有声小说，30000段相声小品，1800档电台栏目，百万正版音乐，数十万部儿歌儿童读物、笑话段子、名家评书、英语学习、培训资料、健康养生、文学名著等，最精细完美的分类，最优质专业的内容呈现，最懒人的听书方式，爱听什么就多听什么。<br />在拥挤烦困的上班路上，轻松搞笑节目纾解你工作的压力；<br />在闲的不想打DOTA的时候，都市玄幻满足你的无限遐想…… 口袋一装，解放双眼，轻松收听，便捷下载。！；
Anyview阅读	老牌阅读器，有着强大的在线与本地阅读功能，支持 txt、umd、epub 等多种格式，无需解压 zip、rar 压缩包。	448 万	3207	用户众多且遍布世界各地，始终坚持一贯的免费路线。<br />主打本地阅读功能，操作方式简单易上手。<br />清新简洁的的设计风格和多样化的排版，集多种辅助功能与一体，可中英互译、听书、自由复制、WIFI传书、网络查词、网页同步离线阅读等，还有强大的网络书城资源免费可下载。
喜马拉雅听书	null	2.5 万	2	一键下载听，不耗流量不花钱  2014最火app，长期雄霸图书榜第一  百万白领盛赞：上下班路上必备听神器   ――― 典型用户使用评价摘录 ―――   公交族：  “无意中得到了一款应用，没想到如此好用，每天坐公交必备利器，坐公交车，等人的时候必备良品。！<br />”by sophia   学生：  “拿喜马拉雅来学英语，再也不用到处去找听力材料了，可好用了”by 火辣辣的目光  “软件很不错，让空闲时间利用起来，可以放松，可以学习”by 龚元彩   追星族：  “终于能和女神播主互动啦！
虎扑体育	提供NBA、中超等全球热门体育赛事的视频直播和文字新闻、资讯，内容及时专业！	163 万	2504	虎扑体育（原虎扑看球）有关于NBA，CBA，中超，亚冠，欧冠，亚洲杯，美洲杯，世界杯，英超，西甲，德甲，意甲的一切：直播，新闻，视频，数据和讨论。<br />”   ―@恒大加油啊 “超爱清新女王安妮，暴走萝莉信堂，又漂亮又懂球的美女视频主播。
网易云阅读	云集新闻与杂志，并可订阅好友微博空间的阅读客户端，有着优秀的阅读体验。	961 万	1827	应用简介： 网易云阅读，让全民爱上阅读的最给力APP。<br />全方位数字出版平台，46万册海量图书，强力打造新书独家首发基地、热门影视剧原著阅读基地，数十位明星和作家联袂推荐，最有态度的阅读产品。<br />-【全方位数字出版平台】，无论超级书虫、小说粉丝还是资讯读者，都能在这遇见心头好；
转发网	null	3.4 万	6	转发网郑重承诺，本app安全、真实、可靠。<br />转发网移动app一个转发文章就可以赚钱的app，安全、稳定、高收益，快来加入吧！
MONO	用有趣的方式看世界	36 万	251	MONO细心挑选最前卫，最独特的内容提供方合作，绝对不拘一格。<br />你不知道的有趣内容，高端技能涨姿势 订阅丰富的兴趣专题，你感兴趣的怎么也看不完，过瘾！<br />评论，聊天，给特别的Ta发一封私信 「颜值最高的APP」，精心的设计令你赏心悦目。！
维基百科 Wikipedia	为全人类提供自由的百科全书──用他们所选择的语言来书写而成的，是一个动态的、可自由访问和编辑的全球知识体。也被称作「人民的百科全书」。	189 万	558	为Android平台提供的维基百科官方应用程序。<br />维基百科是自由的百科全书，其中包含以280种语言写成的2000多万条目，于是史上最详尽以及最广泛使用的人力编译作品。<br />其功能包括：保存页面以便可以往后或脱机时阅读、搜寻附近的页面、使用Android的“分享”功能来分享条目、阅读各种语言的条目、全屏搜寻等等。
有妖气漫画	汇集了中国众多一流的漫画师和他们优秀作品，让你看到中国缺的不是动漫人才而是平台。	146 万	411	【应用介绍】 十万本热门漫画免费看，5000万动漫爱好者的共同选择，有妖气漫画――您的必备追漫神器。<br />在有妖气漫画，无论你是小清新，还是重口味，都能找到合味口的开胃菜。！
Medium	每天都有成批的不同领域的高质量文章出现，用来练习英文也是极好的。	3.2 万	25	凡想法事项的质量，而不是作者的资格。<br />一个地方的对话推动思想前进的话仍很重要。<br />如果您正在寻找新的东西来读，头部探索的专题内容的旋转选择。
虎扑体育	提供NBA、中超等全球热门体育赛事的视频直播和文字新闻、资讯，内容及时专业！	163 万	2504	虎扑体育（原虎扑看球）有关于NBA，CBA，中超，亚冠，欧冠，亚洲杯，美洲杯，世界杯，英超，西甲，德甲，意甲的一切：直播，新闻，视频，数据和讨论。<br />”   ―@恒大加油啊 “超爱清新女王安妮，暴走萝莉信堂，又漂亮又懂球的美女视频主播。
网易云阅读	云集新闻与杂志，并可订阅好友微博空间的阅读客户端，有着优秀的阅读体验。	961 万	1827	应用简介： 网易云阅读，让全民爱上阅读的最给力APP。<br />全方位数字出版平台，46万册海量图书，强力打造新书独家首发基地、热门影视剧原著阅读基地，数十位明星和作家联袂推荐，最有态度的阅读产品。<br />-【全方位数字出版平台】，无论超级书虫、小说粉丝还是资讯读者，都能在这遇见心头好；
转发网	null	3.4 万	6	转发网郑重承诺，本app安全、真实、可靠。<br />转发网移动app一个转发文章就可以赚钱的app，安全、稳定、高收益，快来加入吧！
MONO	用有趣的方式看世界	36 万	251	MONO细心挑选最前卫，最独特的内容提供方合作，绝对不拘一格。<br />你不知道的有趣内容，高端技能涨姿势 订阅丰富的兴趣专题，你感兴趣的怎么也看不完，过瘾！<br />评论，聊天，给特别的Ta发一封私信 「颜值最高的APP」，精心的设计令你赏心悦目。！
维基百科 Wikipedia	为全人类提供自由的百科全书──用他们所选择的语言来书写而成的，是一个动态的、可自由访问和编辑的全球知识体。也被称作「人民的百科全书」。	189 万	558	为Android平台提供的维基百科官方应用程序。<br />维基百科是自由的百科全书，其中包含以280种语言写成的2000多万条目，于是史上最详尽以及最广泛使用的人力编译作品。<br />其功能包括：保存页面以便可以往后或脱机时阅读、搜寻附近的页面、使用Android的“分享”功能来分享条目、阅读各种语言的条目、全屏搜寻等等。
有妖气漫画	汇集了中国众多一流的漫画师和他们优秀作品，让你看到中国缺的不是动漫人才而是平台。	146 万	411	【应用介绍】 十万本热门漫画免费看，5000万动漫爱好者的共同选择，有妖气漫画――您的必备追漫神器。<br />在有妖气漫画，无论你是小清新，还是重口味，都能找到合味口的开胃菜。！
Medium	每天都有成批的不同领域的高质量文章出现，用来练习英文也是极好的。	3.2 万	25	凡想法事项的质量，而不是作者的资格。<br />一个地方的对话推动思想前进的话仍很重要。<br />如果您正在寻找新的东西来读，头部探索的专题内容的旋转选择。
免费小说大全	null	71 万	1312	免费小说大全，打发无聊时间的最佳装备！<br />2. 智能阅读自动翻页、保证阅读流畅；<br />4. 专业小编推荐，热门新书不断。；
IDEAT理想家	null	4.3 万	19	从法国而来，这本以“当代生活”为信仰的杂志混合了设计、家居、艺术与风尚。<br />iPhone版应用每日更新，时刻分享色彩鲜明的生活形态。
片刻	当你想远离喧嚣，放空自己，请打开片刻，在文字与声音中，你或会重新找到往前的力量。	38 万	284	白昼黑夜，都有片刻陪伴 片刻是第一个将原创文字、阅读、电台以及音乐推荐深度结合的APP。<br />这里是都市人群的情感码头，是寒夜里一杯温热的咖啡。<br />听别人的故事，过自己的生活，那些并不应该错过的感动，在这里悉数寻回。
Flipboard 中国版	选几个感兴趣的内容主题，即可汇聚世界各地故事和生活中的精彩时刻，以杂志式的精美排版呈现眼前。	2913 万	557	第一次使用，挑选几个你关注的主题，开始你的精致阅读体验。<br />想收藏 Flipboard 上喜欢的内容？直接点 + 按钮收集起来，打造属于你自己的杂志。<br />现在就下载这款在国际各类大奖中屡获殊荣的阅读社交App吧！
爱阅读	“i悦读”小说阅读软件正式更名为“爱阅读”，不一样的名称一样的精彩！爱阅读5.8版本，开启手机社交阅读新体验！ 	967 万	4677	【超大书架】多种本地图书导入方式，书架包含最近阅读、送书分享、线上活动、扫一扫等多种贴心功能。！<br />【精彩知库】每日为读书人提供新鲜刺激的网络资讯，只需轻松点击就能随心掌握。<br />【免费图书】每日为读书人提供各种不同的免费正版图书，包括免费原创小说及精品出版物。
国家地理	null	17 万	50	影像，是美国国家地理最有力的语言。<br />惟有最顶尖摄影师才能成为美国国家地理学会的摄影师。<br />随着数字化时代来临，《国家地理》杂志推出「国家地理-每日精选」APP，每天为您奉上国家地理精选的图片，在精美的视觉享受中，轻松汲取一日所需的科普与人文养分。
新浪体育	视频直播点播赛事覆盖世界杯、NBA、欧冠、英超、意甲、西甲、中超、亚冠、足协杯、英格兰足总杯、欧洲超级杯。	172 万	49	1. 二十余项赛事视频直播点播，赛后回看 2. 海量比赛数据及新闻报道 3. 选择主队，表明态度！<br />这里可以与大家交流各类赛事，这里可以获取海量比赛数据…申请加入，优先体验内测版本，还有机会获得精美礼品喔~！
新浪新闻	新浪网官方出品的新闻客户端，总能第一时间获取高品质的全球资讯新闻，随时随地享受专业的资讯服务。	1212 万	212	新浪新闻客户端由新浪官方出品，第一时间获取全球新闻资讯，国内国外要闻，精彩的体育赛事报道，金融财经动向，影视娱乐事件，还有独家微博“微”新闻，精彩随你看，新闻、星座、笑话一个都不少。<br />* 新闻: 每天更新海量资讯内容，最快最全的头条要闻。<br />* 订阅: 自定义频道内容和顺序，定制属于自己的新闻。
懂球帝	最及时的足球新闻，最深度的战术分析，最有深度的足球媒体	41 万	157	懂球帝是目前国内专业足球新闻、深度报道、社区手机客户端，目前有诸多现役退役足球运动员、教练员、解说员和编辑记者都在使用。<br />2.拥有国内最详尽和牛逼的球员、球队、比赛等数据。<br />6.全国足球的足球彩票社区，一起讨论足彩分析和赛果 7.第一时间关注球队的Twitter和instagram等信息。
最美应用	由应用玩家和设计师一起发现和分享好看、好用、好玩应用的新媒体社区，每天一款，款款精品。	56 万	1042	最美应用是收集和传播高品质应用的新媒体和社区，由应用玩家和设计师一起发现和分享最好看、最好用、最好玩的应用，帮助大家享受最美的移动互联网生活。<br />最美应用会选择最好的应用，每天更新推荐，是发现好应用的最佳途径。<br />小美们正在努力设计和开发，希望聚集追求美、热爱美的伙伴们，共同发现和传播最美的事物。
界面	百位CEO的推荐。	60 万	118	3歪楼：年轻人的最爱，囊括全球最意想不到的新鲜事。<br />5摩尔金融：中国最专业的股市投资平台，800位投资大佬提供每日300篇专业报告。<br />6尤物：中国最具特色的精品电子商务，即将吸引上千名中国独立设计师提供最具创意的商品。
咪咕动漫	开启动漫世界的伟大航路，最新彩版连载日漫，全中国就“和动漫”有：哆啦A梦、火影忍者、死神、海贼王.....	1113 万	1951	2、界面简洁直观，阅读更舒心。<br />界面交互全新改版，扁平化设计简洁直观，观看体验高大上。<br />正版超清的动漫作品和个性化的分类，带你漫享动漫世界。
免费小说吧	null	3.5 万	6	休闲假日生活如何度过？上下班路途无限漫长，工作压力无法排解？在这里可以找到你心灵的慰藉，解决空闲时间无所事事的无聊，使你的生活变得丰富多彩，海量图书，各种类型的书籍，带领你体验热情澎湃的斗战生涯或是带你领略勾心斗角的感情生活……这样的人生才是完美的人生，还不速速前来体验。
我的世界合成表	null	7.8 万	20	合成是在 Minecraft （我的世界）中，许多方块、工具和其它资源获得的方法。<br />合成表内容来自中文Minecraft Wiki。
开心消消乐助手	null	7099	1	无论是章鱼关卡，还是宝石关卡，都可以轻松的3星高分过关。<br />其中主要有关卡的攻略，实用资料，最新资讯，综合攻略等不同的板块.。
搜狗阅读	依托搜狗搜索，拥有海量图书随搜随看，新闻大事掌握在手，更有离线缓存、更新提醒等功能。	281 万	1724	搜狗阅读，为你带来极致的阅读体验。<br />简洁大方的设计，顺滑流畅的操作。！<br />更多良心设计，更多高质量免费小说，等你来发现！
读书巴士	读书巴士是一款基于互联网的小说搜索下载工具，同时优质的资源及阅读体验。	361 万	1805	读书巴士是一款基于互联网的小说搜索下载工具，同时优质的资源及阅读体验，为您提供最精致的阅读服务！<br />特色功能： 1. 支持各小说网站海量小说搜索及阅读，完全免费！<br />读书巴士随时随地享受阅读的快乐。
部落冲突助手	null	1.3 万	4	部落冲突助手安卓版是一款可以帮助你快速的游戏的手机软件，在这款应用中会有多种不同的模块，可以帮助你去更好的游戏，在每个模块中都有相应的作用，不论是你想要的游戏的详细资料，还是各种的游戏的技巧，都会给你的，还会有独特专属的礼包，可以让你及时的领，想要更轻松的玩游戏，那就不要错过这款应用。
影视大全	null	1061	0	"影视大全播放器是一款万能视频播放器，支持所有最流行的视频格式，无需转码直接点播。<br />2.文件浏览等功能3.各种最新视频电影格式都能播放,兼容性很高。"
中文书城	沉淀10年版权积累，海量正版图书、原创小说应有尽有。连载小说第一时间更新，随时阅读无阻拦。	22 万	519	时下最热门的电子书阅读器，原创小说、正版图书应有尽有！<br />支持TXT、EPUB等多种手机阅读格式；
英雄联盟控	英雄联盟爱好者随身必备的宝典，内含英雄大图，技能，英雄背景故事。	539 万	1686	"最强悍的安卓手机《英雄联盟》攻略宝典，英雄联盟爱好者随身必备的宝典.内含英雄大图,技能,英雄背景故事,体验流畅.是与战友讨论战术配合的必备利器.  注:这是英雄联盟攻略宝典,包含攻略以及实用工具以及小游戏.没玩过英雄联盟的人别下载哈."
超星移动图书馆	null	38 万	51	"超星移动图书馆是专门为各图书馆制作的专业阅读平台,拥有超过百万册电子图书,海量报纸文章以及中外文献元数据,为图书馆用户提供方便快捷的移动阅读服务。<br />超星移动图书馆依托集成的海量信息资源与云服务共享体系，为移动终端用户提供了资源搜索与获取、自助借阅管理和信息服务定制的一站式解决方案，具有十分突出的特点与技术优势。"
人民日报	null	146 万	40	*评论 热点焦点及时评，为您观察纷繁复杂的世界提供不一样的视角。<br />*炫酷 音频、视频、3D动画，炫酷时尚的表现形式，让新闻更加“好玩” *政务 移动政务发布厅全新改版，政务信息一站式获取。<br />*视觉 新颖别致的版块划分，让界面更加简洁、清新，独树一帜。
果壳精选	以各类科学为主题，以「科学有意思」为口号，每天都有专业而有趣的内容更新，让你天天都能学到新知识。	68 万	114	用科技视角，看不一样的世界。
IT之家	null	27 万	52	IT之家快速精选泛科技新闻，分享即时的行业新闻动态、潮流的数码产品资讯、前沿的科技创新趋势，提供给力的PC和手机技术文章、丰富的系统应用美化资源。<br />IT之家移动阅读，让你随时随地，享受清爽阅读的体验，轻松掌控IT人类的生活。<br />2、酷炫阅读享受，随身体验 简洁的界面，精致的布局，清晰的排版，IT之家移动阅读，带给您全新的阅读体验，让您爱不释手。
泰拉瑞亚盒子	null	2.2 万	6	泰拉瑞亚盒子是一款包含了修改器功能和资讯攻略合成表等查询为一体的综合辅助类型的工具，支持中文版和英文版，玩家们可以通过编辑器中的功能来进行泰拉瑞亚手机版的物品编辑和修改。<br />2，专区首页：为广大玩家们提供了网上最全面的游戏信息。<br />3，论坛社区：为广大玩家们提供了一个交流互动的平台。
快看免费小说	汇集200万部互联网小说，更新迅速，智能预读技术，保证阅读流畅，节省流量。	92 万	786	快看免费小说，汇集200万部互联网小说，最全的手机小说阅读助手。<br />2. 智能汇集多家著名小说站排名榜单，集合全互联网的用户阅读习惯，为您推荐最火爆的小说。<br />3. 智能预读技术，保证阅读流畅，节省流量。
扇贝读书	null	11 万	69	你也许还买了好多英语原著；<br />你也许从未想过一款阅读软件也会有如此强大的学习功能：  1. 阅读过程中的每个生词都可以即时添加到自己的学习计划中，利用扇贝强大的记忆系统进行学习。<br />3. 如果你正在准备某项考试，不论是四六级，考研，还是托福GRE雅思或者SAT，系统会高亮考试要求而你没学过的生词，帮助你发现进步的空间。；
BBC News	null	59 万	142	并且可以快速找到您使用专业搜索感兴趣的话题。<br />选择从BBC新闻指标，如商业，科技，娱乐和健康的熟悉的列表，或者搜索自己感兴趣的主题，无论他们是人，地点，事物或主题。<br />该应用程序将尊重字体大小的设备设置，可以增加或减少的故事文本大小适合你的喜好 - 相关报道，相关的主题。
好奇心日报	视角独特而又设计精美的更少，视角独特设计精美不重数量而重内容质量的移动应用就只有它了。	28 万	91	?所有文章均由专业编辑团队原创撰写，锁定全球范围影响你日常的公司、事件和产品。<br />?报道涉及科技、设计、娱乐、时尚等领域，探寻新闻事件背后的商业逻辑。<br />它们对于商业世界有着指标意义，一举一动影响着全球市场以及个人生活。
我的世界中文版攻略	null	7772	7	我的世界中文版攻略是以minecraft游戏为主题的一款辅助类型的工具，玩家们可以再这里查询到最新版本的攻略、服务器信息、合成表以及最新的版本资讯等内容，更有有趣的内容为大家呈现，除此之外还有论坛社区为大家提供一个交流平台。
Quora・在线知识问答	null	16 万	205	备受欢迎的在线知识问答网站Quora发布了自己的首款安卓应用――Quora for Android。<br />Quora集合许多问题和答案，也容许用户协同编辑问题和答案。<br />对于安卓平板用户而言，这款应用的一大人性化特点是支持横屏模式，而且每个问题的最佳答案会以自动弹出的方式进行呈现。
安卓读书	"在线阅读,免流量听书,字体任意选,低流量设计,个性界面。"	478 万	1485	特色功能： 【最优阅读体验】流畅舒适的仿真阅读效果，支持多种高级排版布局实现个性化阅读，无网络多格式文本阅读，支持TXT、EPUB、UMD等30多种文本格式阅读。！<br />触屏滑动顺畅、展开书籍快速、阅读翻页无缝，性能稳定速度卓越；<br />【操作简单快捷】随时参与读者讨论、献花打赏支持所读小说，多种互动方式随心使用；
漫画控	null	24 万	124	“漫画控”面向市场主流高端Android手机和平板移动设备优化，支持800x480 到1080p 的显示。
畅读	通过畅读可以订阅新闻、杂志，美女，资讯，有内容，就是任性！	2831 万	326	想你所想：智能推荐，让资讯更符合你的Style；<br />畅读客户端可订阅时事、娱乐、时尚、艺术、投资、汽车、美女、搞笑、历史、体育、军事、城市频道等多个频道，根据用户的阅读行为推荐最新最热的资讯内容，精彩文章看不完。；<br />通过畅读还可以免费阅读1000余种杂志，集结《男人装》、《南都娱乐》、《财经》、《时尚芭莎》、《八卦周刊》、《昕薇》、《看天下》、《博客天下》、《新旅行》等畅销杂志，涵盖时尚、新闻、娱乐、财经、数码、汽车、旅游、生活、摄影、艺术等多个门类，用户随时随地可阅读到自己喜爱的杂志，掌握潮流资讯。
拇指阅读	如果你嫌其他的阅读器设计的不好看、内容中文排版粗糙、书目太少、推荐内容太机场文学的话，那你就只剩这一个选择了。	21 万	276	天天有限免，顶尖杂志+电子书，早到早领取！
书旗小说(无广告版)	null	18 万	34	书旗小说是目前业内唯一一款完全免费的读书软件！<br />使用非常便捷，海量书籍想看就看，连载书籍闪电更新，书评人气非常活跃，深受广大书友追捧，还不快来下载使用！
最右	逗比神帖，机智神评，汇聚高冷中二蛇精病！脑洞最大的90后社区！	29 万	29	⊙__⊙ 用户老爷金玉良言摘录 ”最右，一个送给所有孤独的人的礼物。！<br />“－－Danboard “媲美所有知乎天涯专为年轻人打造的感觉muamua大爱“－－n。<br />[评论]：更有大神网友机智秀神评，抖机灵、神补刀，逗比更比逗比强！;；
穿越火线CF掌游宝	null	45 万	416	CF掌游宝最火热的穿越火线掌上神器， 拥有最全面的CF游戏资料，最新鲜的穿越火线动态资讯，最全面的游戏攻略秘籍，最详尽的武器装备库数据和评测，最精彩的对战竞技视频。<br />【新闻资讯】最新鲜的CF动态资讯，最新活动实时掌握。<br />【游戏攻略】最全面的攻略，快速提升团队意识、射击技术、爆头率。
榫卯	取传统文化之精华，辅以现代科技之力量，应用中一个个独具匠心的结构，足以让你不停的回味何为「独具匠心」。	15 万	364	null
围棋宝典	null	47 万	72	"围棋宝典含大量精解专辑、棋谱、习题，是一款可以随时随地打谱,做题,学习,对弈(包括IGS即时对弈、非即时对弈、人机对弈),棋力测试,研讨的免费手机围棋软件；<br />均带有文字解说和分支变化图.   特色：业余爱好者打谱,若无解说和变化图,其实基本上是在做无用功；<br />做题或学习亦然.本软件支持分支变化图及文字解说,并支持对弈,棋力测试,研讨模式.   本软件定期更新最新大赛棋谱,历史名局,各种习题和学习资料,让棋友与时俱进.   所有棋谱习题资料均来源公开网络.；"
冷笑话精选	冷笑话一般都超出常规的思维，一听觉得一愣，再想会心一笑，三尔回味无穷。日益繁忙的如今，点点碎片时间配以点点轻松笑料，何乐而不为呢？	289 万	1557	冷笑话精选――这里的人都超爱演！<br />演技派必备的爆笑神器，全球最会搞笑的短视频社区！<br />【拍个小玩笑】  全新增加视频拍摄功能，搞怪视频随手剪辑，分分钟考验你的脑洞和硬伤，不服？拍个玩笑出来看看啊~  【谐星大舞台】  最严肃的谐星社区，最搞笑的神模仿达人征集中，五千万红人已到达现场，就差你了！
暴走日报	null	53 万	581	空虚寂寞冷夜的贴心伴侣，上下班出行的时间消磨良品，提升姿势赢取女神芳心的必备神器！<br />2、网络最新、最有趣的的段子合集，图文排版一目了然，笑果更加倍；<br />4、最潮资讯与经典汇编，缠绵悱恻且荡气回肠，带来不一样的浏览体验；
掌阅听书	拥有海量正版的有声读物资源，既可在线收听亦可无限制下载到本地，操作简单，无广告，完全免费。	97 万	312	全方位打造史上最强力绿色听书神器：海量正版、完全免费、无限量下载、无广告、无插件、！<br />掌阅听书所有内容均属正版，海量高品质内容满足不同的需求，新书每日更新上架；<br />仿真宫格书架一目了然，带来最真实的收藏之感；
漫画人	null	12 万	50	热门、新番一应俱全，匹配多种阅读模式，可用多种手势操作。<br />章节评论意见查看，边看边互动，和千万个漫友一起分享漫画的心得。<br />如有问题加入漫画人交流群: 251483756。
动漫之家	中国最大的动漫网站之一，动漫之家App 整合了网站优质内容	4.4 万	12	无论你是宅男腐女、高富帅白富美、直男还是弯的！<br />动漫之家acg群：260284741 动漫之家综合群：77941800！
微读圣经	null	47 万	941	2.每日灵粮 读经计划 每日金句，荒漠甘泉，以及人性化的按计划读经功能，内置了麦琴读经等多种读经计划，帮助你养成每日读经灵修的好习惯。<br />3.圣经注释 对照阅读 应用内目前提供了圣经精读本注释，以及多个译本对照阅读的功能，帮助你更深入的研读和理解神的话语。<br />8.经文分享 社交互动 可以通过多种渠道分享圣经经文给你的朋友。
太平洋电脑网	null	124 万	52	同时具有泡论坛、查报价、看美图等丰富功能，是数码爱好者必备的手机应用！<br />#软件特色# 【看资讯】太平洋电脑网带给你最新、最全的IT资讯，覆盖手机、平板、笔记本、DIY、相机、外设等产品，评测、导购、文化、教程内容应有尽有！<br />【查产品】最全面的IT产品报价库，详细参数、网友点评、产品美图、评测文章等内容一应俱全，让您第一时间了解IT新品。！
开卷小说	拥有海量正版网络书籍资源，精排细选打造最佳的电子书阅读体验。开卷有益，每天多读一本书，总会多一点收获。	691 万	4633	"把你喜欢的网络小说,图书,二次元漫画等等都装到你的手机里！<br />能搜索、书友推荐】强大的智能搜索功能轻松助你找书,更有千万书友送书给你看,让你彻底远离书荒~ 【阅读方式、多种多样】支持TXT, UMD, PDF, EBK, CHM、EPUB等多种文件格式阅读,小说漫画都能看,让你的阅读方式不再单调；<br />【精彩书城、操作简单】集掌阅iReader,书旗,塔读,爱阅读,QQ阅读,多看,起点读书,91熊猫看书,Anyview,GGBook看书,小米小说,阅读星,天翼阅读等书城优点于一身；"
36氪	关注互联网创业的科技博客，旨在帮助互联网创业者实现创业梦。官方客户端的内容与 Web 站资讯同步。	19 万	33	在这里，你可以跟作者一起，站在不同的视角与高度上，谈谈科技领域内的新鲜事儿；<br />你可以全方位搜寻最新、最热、最具爆发力项目，锁定未来独角兽；<br />你可以了解到各种优质线下活动信息，让你和不同创业者及投资人碰撞思维的火花。；
陌陌小说	null	62 万	157	陌陌小说  最有爱的小说阅读器！
Webtoon	null	6.8 万	45	题材类型包罗万象: 漫画类型包含日常/搞笑/奇幻/历史/浪漫/剧情/惊悚等各种题材。<br />分享与留言功能 : 使用者可将喜欢的作品分享到SNS上，系统也提供留言功能。<br />自动上下滚动的阅读模式 : 轻点画面的下方即可开启自动卷轴向下的阅读方式。
魔屏漫画	资源丰富的在线漫画阅读器，支持网友们留言吐槽，并有精品动漫周边商品推荐。	262 万	424	史上最全高清漫画库，超过3万部热门漫画免费等你来看！<br />魔屏收录范围覆盖了日韩、欧美、港台、国内原创等，必有一款符合你口味。！<br />热门连载首发更新，阅读体验流畅新颖，漫展福利覆盖 全国，漫画好友热情有趣，让你随时随地享受二次元带来的乐趣。
新概念英语	null	7740	1	《沪江英语・新概念》应用包含新概念1-4全册有声英语教程。<br />超酷的书籍阅读学习体验，配以核心单词、精心详解、课程辅助练习题目，并可灵活设置显示字体、设置顺序（循环）播放体验，让你在手机上轻轻松松完成经典英语教程的学习。<br />从作为英语学习敲门砖的第一册，到体味英语精髓的第四册，轻轻松松从英语零基础直达大学六级水平！
创意设计	丰富的创意设计资讯发布平台，只要有创意，人人都是设计师。	8.7 万	48	【产品简介】 丰富的创意设计资讯发布，囊括科技、社会、文化、艺术、设计、视觉、娱乐、生活、广告等领域，分享国内外设计领域最新动态，艺术展览信息，设计师资讯，沙龙发布，内容涵盖艺术、设计、手工、家居等方面。
数字尾巴	那些你痴迷着的美妙数字生活，从此，分秒不荒废，尽在手心。 你的美好数字生活移动分享平台。 	25 万	51	囊括你闻所未闻的最丰富数码资讯，触所未触最抢鲜产品评测，随时随地感受尾巴们各式数字生活精彩图文、摄影感悟、旅行游记、爱物分享，亲身感受线上线下各式沙龙活动，数字生活体验及现实的完美延展，统统指间实现。<br />3、精致优秀的设计风格，品位非凡；<br />5、便捷的微博分享功能，传播喜爱的文章；
开卷有益	针对高分辨率手机和平板电脑的阅读软件，功能全面界面清爽。	67 万	194	"开卷有益：拥有海量正版图书，小说，看书人士必备的手机应用！<br />还有非常舒适的本地阅读体验，拥有迅读引擎，能够轻松读取百M文档,具备动态智能排版技术，支持TXT, UMD, PDF, EBK, CHM、EPUB等多种阅读格式。！<br />【智能搜索、书友推荐】强大的智能搜索功能轻松助你找书,更有千万书友送书给你看,让你彻底远离书荒~ 【阅读方式、多种多样】支持TXT, UMD, PDF, EBK, CHM、EPUB等多种文件格式阅读,小说漫画都能看,让你的阅读方式不再单调；"
圣经	null	16 万	53	在全世界超过 1.3亿个设备上，人们用最受好评的圣经软件来阅读、聆听和分享圣经 --- 这可是完全免费的！<br />现在圣经软件 V5 为您带来全新的功能，允许您和亲密的朋友一起探索圣经，在您认识并信任的朋友群中分享关于经文的坦诚交流，与他们一起学习他们正在研究的内容。<br />阅读圣经 * 您有35 种语言的选择来设置圣经软件的使用介面。
酷听听书	提供有声小说、相声小品在内的多种有声读物	34 万	988	提供有声小说、相声小品、评书、百家讲坛、童话故事、幽默笑话、脱口秀等正版有声阅读资源的在线收听离线下载，是您手机听书必备利器。<br />不论是上下班途中、还是睡觉之前，亦或寂寞旅途，酷听听书海量优质有声小说资源，贴心安慰你的听觉神经。<br />酷听听书定期在微博、微信等社交平台举办互动活动，精美奖品回馈用户。
微在趣闻社	每天五分钟，第一时间了解全球社交媒体热点，有你不可错过的各种不正经的新鲜热点头条。	107 万	234	微在趣闻社：知道所有你想知道的事 中国第一家专门分享社交网络爆点内容的媒体平台 【产品特色】 全球国际视野：每天5分钟，你就能了解微信朋友圈、微博、facebook、twitter、instagram等全球社交媒体热点 独家原创精神：24小时在线，不间断推出新鲜原创的内容，和数万自媒体小伙伴一起坚持原创 内容丰富多彩：趣闻、新技能、冷知识、萌宠萌图、幽默GIF图、娱乐恶搞、资讯干货……更有洞察人心的Quiz测试 界面简洁大气：以提供最优质最纯粹的内容阅读体验为目的，不用复杂臃肿的功能干扰用户 用户都是神人：绝对是高智商、高情商、高颜值的用户聚集地，评论跟用户一样神！
漫云	null	7168	21	1.海量漫画新资源，新番更新抢先知：三万多部漫画每日更新免费观看，涵盖了日韩、欧美、港台和大陆等地区、拥有30多个种类的漫画资源，随时随地供您挑选，资源内容每日更新，即时提醒，追番必备！<br />3.在线阅读快好爽，离线缓存画质高：在线能享受流畅快速的阅读，也可根据您的喜爱选择整本漫画或个别章节进行离线下载。！<br />4.喜欢资源找不着，反馈漫云帮您找：想看的漫画没有？木有关系！
刀塔传奇大师	null	8.5 万	55	《刀塔传奇大师》是由手机游戏大师网出品的手游刀塔传奇辅助工具，目前为市面上数据库信息最全、功能最实用的辅助工具。
Pocket 国际版	Google Play 2014 年上半年最佳新闻与杂志应用，享誉互联网的多平台“存后阅读”工具，新版优化体验，并加入了文章分享功能。	43 万	278	可以保存哪些内容？ 可以保存在网上或者从收藏的应用程序中发现的文章、视频、菜谱和网页等。<br />非常适合于远程办公、旅行和卧床休息时阅读。<br />更好的查看体验 以简单、便于浏览的布局查看您保存的项目，无论是查看什么页面，体验都会更好。
超级玛丽 - Super Mario	null	4.3 万	7	《超级玛丽》全名《超级马里奥兄弟》，是任天堂公司出品的著名横版过关游戏，最早在红白机上推出，有多款后续作品，迄今多个版本合共销量已突破4000万套。<br />其中的主角马里奥、路易、桃子公主、蘑菇王子等等已成为任天堂的招牌人物。<br />根据任天堂公布的官方中文译名，现在一般称为“马里奥”。
汤圆创作	「中文在线」旗下团队开发的一款写作APP，支持文字、图片创作，简单便捷。	58 万	399	在这里，你可以尽情释放对文字的热爱，它方便创作、图文混排，更有智能云端细心保存你用心敲打的文字。！<br />【全免费】国内领先的移动读写社区，已有30万作者群体，60多万部原创作品，全部免费阅读；<br />【轻松得稿费】千万创意基金稿酬扶持，让热爱创作的年轻人获得人生第一笔稿费；
真心话大冒险	null	152 万	139	喝酒的时候，就爱玩真心话大冒险！<br />有些问题，也不好意思问出口:D  现在好了，晃一晃手机，让手机帮忙问！
饥饿的鲨鱼进化	null	2771	9	比从前更饥饿的饥饿的鲨鱼? 回来了 体验作为鲨鱼的终极生存挑战，畅游3D动作游戏世界.，从幼仔成长到最多10吨的大白鲨!<br />与其他鲨鱼，潜水艇，以及更多形形奇奇怪怪的深海生物作战，持续连击获得高分！<br />一步一步解锁更多水下凶猛野兽：灰鲭鲨，锤头鲨，虎鲨和无敌的大白鲨！
节操精选	90 后娱乐社区，要冷艳，体现出百思不得其解的高逼格贵族气质；也要接地气，将节操弯腰捡起。	118 万	1132	新生代娱乐社交入口，数千万新生代用户热衷的娱乐社交应用。<br />爆笑吐槽、互动交流、美女爆照。<br />【约操友聊天】还有什么比认识脸好看人有趣的操友更酷的事儿！
读读日报	null	2.5 万	10	把你喜欢的所见所闻，收集至此，更能轻松找到同好，与世界分享你的好品味。<br />? 推荐语更好看：吸引你的，除了标题，还有更有趣的推荐语，可能比内容更好看。<br />? 简单清晰的阅读体验：一键切换「阅读模式」，与正文无关的内容通通消失，让阅读更轻松。
阅读星	拥有海量免费小说资源，支持自由看书、听书，可定制属于您的专属书城	263 万	2718	2、最强大的个性化阅读：业内最全面、细分的标签书城，小说精准推荐。<br />3、最活跃的风格：业内独创“软件变色”功能，一键换肤功能无与伦比，支持字体及主题的切换和导入，万中无一的阅读神器。<br />6、最优阅读体验：完美支持TXT、UMD、EPUB阅读格式，具有手势翻页、点击翻页和自由滑动等多种阅读操作模式。
影音先锋	null	4100	0	一款无需任何转换不需要任何插件支持吉吉影音的视频播放器， 它的智能核心技术自动检测视频格式，可以播放所有流行格式。<br />功能特点：1，支持最流行的视频格式：m4v，mp4，wmv，flv，mpeg，mpg，mov，等多种格式。<br />2.支持本地收藏和历史播放记录等。
直播吧	null	181 万	1074	1、提供全部体育赛事赛程表  包含nba直播赛程表、英超直播赛程表、欧冠直播赛程表、足球直播赛程表、中超直播赛程表、西甲直播赛程表、德甲直播赛程表、意甲直播赛程表、cba直播赛程表、f1直播赛程等全部赛程。<br />2、网络全网体育视频和录像，提供海量体育视频搜索和导航  NBA视频、足球视频、科比视频、乔丹视频、麦迪视频、内马尔视频、梅西视频、过人视频、詹姆斯视频、足球录像、NBA录像等，海量视频一应俱全。
氧气听书	汇聚文史经典、评书相声、综艺节目、有声小说、育儿宝典、幽默笑话等 10 个大类近 60 个细类。	159 万	2637	氧气听书，最专业的听书软件，免费正版海量高清，贴心省流量。<br />有声小说、文史经典、经管励志、育儿宝典、评书相声、综艺搞笑，超20万小时，5万部作品，想听就听，是您手机听书的最佳选择。
新浪博客	null	9.2 万	17	新浪博客是全中国最主流，最具人气的博客类平台。<br />在这里你可以发现最耀眼的明星博客、最知性的名人博客、最动人的情感博客，最自我的草根博客。<br />轻松关注你所感兴趣的博主，不再错过任何有趣的内容；
豆瓣一刻	豆瓣推出的优质内容精选应用，每天为你推荐最新最有趣的文字和图片，包括精彩文章，热门话题等。	40 万	102	一刻是豆瓣推出的优质内容精选应用，每天为你推荐豆瓣上最新最有趣的文字和图片：精彩文章，热门话题，犀利评论，搞笑图片……统统一网打尽。<br />精选内容短小精炼，让你随时随地获得轻松一刻。<br />-支持分享到微信、微博等社交网络，精彩与好友一起分享；
Memrise	null	1.6 万	59	Memrise已经转换成可以放入口袋里，来帮助你学习语言，地理，历史，科学，流行文化等这些完全免费且充满想象力的课程。<br />Memrise还可以在离线模式下运行。<br />在有Wi-Fi的时候下载你的课程，然后离线进行学习。
炉石传说掌游宝	null	62 万	562	一手资讯实时掌握，海量精选视频，一切应有尽有。<br />【炉石传说新闻资讯】炉石传说国内外资讯动态一手掌握；<br />【炉石传说职业攻略】炉石传说最全面的职业攻略，主流职业玩法任你挑；
天翼阅读	天翼阅读是汇聚小说、杂志、漫画为一体的数字图书馆。支持全主流阅读格式，更有强大的云书架，永久珍藏你读过的经典。	1994 万	2825	天翼阅读涵盖言情小说、穿越小说、玄幻小说、校园小说、古典武侠等各类好看的小说。！<br />每周小说排行榜，最热最新小说一网打尽，更有免费小说任你读。<br />天翼阅读兼容其他小说阅读软件，如掌阅iReader、快看免费小说、书旗小说、多看阅读、17k小说网、追书神器、QQ阅读等，并融合听书功能，有声小说想听就听，使用体验不亚于懒人听书。！
我的世界助手	null	2 万	1	我的世界助手是一款以minecraft为主题可对物品进行编辑功能的我的世界盒子，为广大的提供最新最全的我的世界中文版攻略、视频站、新闻等信 息，同时也为广大的玩家们提供皮肤站、地图包、JS等下载资源，实现一键安装，提高玩家游戏体验，同时，玩家们也可对游戏中的物品等信息进 行编辑。
商业周刊中文版	专为移动智能手机量身定制，拥有独家的政商牛人访谈、深度的公司调查、权威的商业趋势解读。	82 万	112	2.沿袭了iPhone版的全部优秀基因――凭借优质独特的内容、良好的阅读体验，《商业周刊/中文版》在众多报刊杂志的App中脱颖而出，入选苹果中国区“App Store 2012年度精选”。
菠萝饭	null	8.4 万	124	"聚合全网二次元女性内容, 海量漫画小说视频, 圈子找基友。"
GGBook看书	拥有海量原创书籍的在线读书工具，支持书籍的云储存，可自定义文字大小、背景、翻页模式等。	254 万	1043	GGBook看书致力于打造手机阅读第一品牌，拥有海量原创小说，出版图书，以及杂志与漫画等资源，也拥有很多免费小说让你舒适看。<br />涵盖了3G书城，QQ、掌阅、和阅读、起点阅读、潇湘书院、纵横中文网和小说阅读网等正版小说内容，看书阅读读书学习教育尽显活力。<br />GGBook看书，猫头鹰标志性的logo，塞班时期的追书神器，回忆当初青春美好的时光。
东方财富	null	5.7 万	8	自2004年3月上线以来，凭借权威、全面、专业、及时的优势，东方财富网持续位居中国财经类网站第一位，并不断扩大与竞争对手之间的差距，巩固优势地位。<br />网站内容涉及财经、股票、基金、期货、债券、外汇、银行、保险等诸多金融资讯与财经信息，全面覆盖财经领域，每日更新上万条最新数据及资讯，为用户提供便利的查询。<br />-----实时资金流向、24小时滚动新闻、机构研究报告、中国最热股吧等数十项特色服务 ★  最专业的数据！
球探体育比分	null	37 万	882	【球探体育比分】功能特色： （1）全球赛事尽浏览掌中：包括NBA、CBA、中超、欧冠、英超、西甲等各大联赛比分数据；<br />（2）即时比分：最快的足球、篮球、网球比分及比分推送，并提供现场比赛数据直播；<br />（5）社区球吧：足球、篮球赛事原创分析，打造属于球迷的聊球社区；
小说阅读网	言情小说、玄幻小说、校园小说、穿越小说、都市小说、架空小说、仙侠小说等内容，敬请您的阅读，喜欢小说的朋友们千万不要错过。 	362 万	618	小说阅读网客户端是国内知名原创文学网站小说阅读网官方阅读器。<br />11年积累沉淀，只为你打造更好阅读新体验。<br />与此同时，小说阅读网集合阅文集团旗下众兄弟公司QQ阅读、起点读书、红袖添香、言情小说吧、潇湘书院、晋江文学城、懒人听书等多家红文，为众书友提供更为全面的阅读资源。
书香云集免费小说	集下载，搜索，阅读，管理，共享等多功能为一体的阅读平台。	71 万	440	全网火爆热门小说任你挑，海量免费小说任你选!<br />清新、简洁的全新护眼阅读模式，给你提供最舒适的阅读体验更有内容更新提醒和同步书架服务。!
生存战争盒子	null	1.2 万	4	生存战争盒子是一款以生存战争Survivalcraft游戏为主题的辅助类型的工具，支持中文版和英文版，玩家们可以根据自己的版本来进行针对性的选择存档，对于材质皮肤等资源则是通用的，可实现一键化替换存档，方便玩家们进行编辑。
豆丁书房	null	63 万	247	"豆丁书房是基于豆丁网的一款移动阅读应用,不仅拥有2亿份文档.资料.并且豆丁书房不断添加更新更多免费小说,不仅适合上班族工作,学生党学习的资料查询,更加适合大众用户的休闲放松,如果看书是眼睛的负担,也可以使用豆丁书房的听书功能解放你的双眼,让”看书”更享受,同时豆丁书房也是本地txt阅读器。"
豌豆荚・游戏日报	每日最佳游戏精选，总有你想要的惊喜！	5.1 万	59	有时候想下载一个游戏玩一玩，但是在打开应用市场后选择恐惧症又犯了。
央视新闻	中央电视台新闻中心官方客户端	114 万	877	中央电视台新闻中心官方客户端  丰富的新闻资讯直播、点播、预告、搜索、和分享服务，24小时滚动更新，让你随时随地获取新闻资讯。<br />1、独家新闻视频，遍布全球的记者，为您提供第一手的新闻资讯。<br />4、微博、微信互通，随时和朋友分享。
晋江小说阅读	null	7.1 万	18	晋江小说阅读是晋江文学城为爱小说的你倾力打造的可“看”、可“听”、可评论的小说阅读器！<br />海量时下最新最热小说、传说中的殿堂级经典神作，尽在晋江小说阅读！<br />使用APP购买付费章节更超值，千字只需3分钱！
大象公会	前凤凰周刊执行主编黄章晋创立。坚持原创内容，为你提供独特的谈资来源，是你优秀的涨姿势之选。	5.9 万	9	坚持原创内容，提供中国最优质的精神鸦片，文章视角独特深刻，历史、政治、文化，满足知识阶层的好奇心。<br />是独特的谈资来源，优秀的涨姿势之选。
南方周末	传递时政、经济、文化等方面最具价值的报道，是国内最具公信力和影响力的新闻机构之一。	88 万	168	"南方周末,您手上最可信赖的每日新闻来源!<br />南方周末报系是中国最具公信力和影响力的新闻机构之一,下辖一报两刊一网:  - 旗舰报纸《南方周末》,以其时政、经济、文化领域的深度报道“一纸风行”,每期影响超过800万知识型读者。!<br />- 《南方人物周刊》是中国领先的时事新闻类杂志,拥有北京、上海、广州时事新闻类杂志零售市场18%的份额。"
开心消消乐最新完美攻略	null	4329	0	开心消消乐是一款策略型的三消游戏，游戏画面清新亮丽，音乐动听，关卡丰富，挑战多多，不断冲击新乐趣！<br />如何快速完美通关呢？开心消消乐有哪些特殊的玩法技巧呢？开心消消乐最新完美攻略，是一款专业的开心消消乐通关图文攻略，为玩家带来最新三星通关攻略，以及游戏中对于玩法技巧的解读，帮助玩家快速三星通关，尽享游戏精彩乐趣！
图解电影	null	54 万	8002	★电影达人速成秘籍★ ★手机上的第十放映室★ ★新生代影迷最宠爱的看片神器★ 图解电影，全球首个图文电影分享社区！<br />中国最强图解师聚集地，每日更新超多全球影视新鲜图解！<br />各大媒体、应用市场热荐中，复仇者联盟2、左耳、速度与激情7、何以笙箫默、战狼、超能陆战队、澳门风云2、失孤、五十度灰、小黄人、蚁人、飓风营救3、终结者、星球大战等，原创高清图解已全球独家上线！
iWeekly周末画报	著名的手机杂志，每日奉上环球视野、独家故事、智趣观点和名家专栏，可掌中观世界，一指知天下。 	75 万	95	全新iWeekly for Android版进化空前，结合指尖出众互动，精致图文跃然欲出。<br />每日奉上环球视野、独家故事、智趣观点和名家专栏，可掌中观世界，一指知天下。<br />＊为何选择全新iWeekly for Android版： 01. 七百万精英读者选择的最优中文新媒体；
Max+ dotamax官方APP	null	3.7 万	13	内容提要：  Max+ 是dotamax官方APP. 为dota2玩家提供最专业的数据统计、直播和视频服务。<br />功能包含：  查询个人游戏比赛战绩、最高纪录、队友对手战绩、胜率趋势图；<br />最快最准的Dota2 资讯，新闻即时刷新；
诗歌本	null	9.1 万	142	"可自行制作资源，按规则存放即可读取。<br />歌本歌曲资源都可在网盘下载，可访问网站http://www.christapp.net,网站也提供WindowsPhone及Android版应用下载。"
新浪财经	null	34 万	13	提供环球市场主要数据，提供免费及时的股价提醒，提供7*24小时的全球财经资讯，提供个性化的投资理财咨询服务，提供最全、最准确、最及时的行情数据。<br />新浪财经通过化繁为简的操作，使用户在查看行情、管理自选、设置提醒、投资选股、阅读市场消息等方面都可以轻松入手，成为用户贴心有效的投资助手。<br />只要你想随时了解沪深港美行情，只要你想随时和股友讨论交流，那么请速速加入进来！
爱卡汽车	null	142 万	52	热图：以最佳的图片品质向用户呈现汽车趣图、车友生活等图集。<br />论坛：爱卡论坛是全球最大的汽车主题社区，你可以随时随地看帖、发帖、回帖，分享精彩图片。<br />交流分享：您可以随时随地和卡友交流，通过mail或新浪微博、腾讯微博、微信随时随地分享精彩内容。
天天酷跑最新版攻略	null	5810	4	天天酷跑最新版攻略是一款深受玩家喜爱的游戏攻略助手，游戏内容包括热门角色白雪公主、水力井宝、齐天大圣的相关介绍，以及最新版玩法及最新版抽奖技巧的分享，还有玩家们比较关心的高分攻略都做了详细的介绍。<br />功能特色： 一、白雪公主（白雪公主属性技能、获得方法及组合搭配的相关分享，帮助玩家快速上手。<br />） 六、更多攻略（分享所有的高分攻略及操作技巧，不管是小白还是大神，都能找到适合你的攻略。
Pocket	全新升级现已支持中文。世界最著名的稍后阅读工具之一，你可以轻松地保存文章视频，支持多设备同步。	16 万	182	可以保存哪些内容？ 可以保存在网上或者从收藏的应用程序中发现的文章、视频、菜谱和网页等。<br />非常适合于远程办公、旅行和卧床休息时阅读。<br />更好的查看体验 以简单、便于浏览的布局查看您保存的项目，无论是查看什么页面，体验都会更好。
每日看点	null	58 万	1	有意思的内容都去哪儿了？快用《每日看点》！<br />这里汇集了每天的实时热点，不管你是逗比范儿还是小清新，在这里，都能找到你的专属看点。！
红包猎人	null	633	2	抢红包神器是目前功能齐全、最受大众喜爱、好评率最高的抢红包软件，同时支持微信抢红包、QQ抢红包。<br />2、【红包金额个数统计】 全网唯一支持红包金额、个数统计。<br />今日，昨日，历史抢到红包个数、金额，一目了然，随时分享战果，嗨翻天！
漫漫	null	1.4 万	18	漫漫是由国内知名动漫文化公司梦之城打造的一款的正版漫画阅读应用。<br />(q￣3￣)q 最新漫画最快看~精彩剧情追追追~是漫画控必备神器，更是你坐车、如厕、睡前、午休打发时间的不二之选<
免费小说	null	20 万	2	免费小说是一款智能手机阅读器，应用内提供了大量电子书，免费小说、全本小说、网络原创小说，包括玄幻、都市、女性、言情、军事、历史等类别，应用内置的手机阅读器可实现离线下载阅读，带给您超棒、超舒适的阅读体验。
CHINA DAILY（中国日报）	null	28 万	59	中国日报新闻客户端为您呈现热点新闻，时事点评，实用信息，精彩内容，尽在掌握！<br />- 优化分享、词典及新闻推送功能！<br />- 通过邮件，短信快捷分享新闻，图片和视频，也可分享到微博和微信！
极客快讯	以科技新闻为主的资讯应用，拥有全球超过 1000 余家签约新闻媒体及时提供内容。	15 万	211	"- 最佳科技新闻应用,设计优雅，海量内容，专为手机和平板进行优化的简约用户界面 - 视觉: 用高度动态的方式获取并展示您感兴趣栏目的最新消息 - 智慧: [极客快讯] 自动学习并智能推荐，提升您的阅读体验 - 全面:  由可信赖媒体提供的全文阅读和高清图片-不只是RSS！<br />内容全面涵盖：科技, iPhone, iPad, 苹果, Google, Android, 微软, 游戏, 云计算以及其他栏目。"
日语自学速成	null	9.1 万	20	日语自学速成为日语初学者提供日语入门、日常日语口语等资料。<br />简单而实用，包含了最常用的基础日语口语与短语，随身携带的日语老师，打造一口流利日语。<br />操作简便，界面直观，内容丰富，是学习口语的好帮手。
最强攻略 For COC	null	21 万	19	《最强攻略 for COC》是17173专为COC游戏玩家量身打造的一款攻略应用。<br />搜罗COC最新的游戏资讯、最专业的攻略布阵、最全面的游戏资料，让玩家第一时间掌握COC的攻略技巧，少走弯路，决胜于千里！
完美漫画	非常不错的本地阅读工具，支持 zip、rar、7z等常见格式，操作简单功能强大。	22 万	112	权限  *影像缩放方式:平均像素法、双线性插值、Bicubic、Lanczos3  *无影像最大尺寸限制  *缩图浏览  *设定桌布  *支持右开或左开的阅读方式  *依设定的页面原点卷动  *快取下一页及上一页影像  *支援多点触控缩放、滑动翻页  *书签的新增、修改、删除  *触控屏幕可设定11种动作  *简易档案管理(档案删除、更名)  *幻灯片播放  *书柜功能  *调整影像亮度、对比及Gamma值  *自动切除白边  *支持Google Chromecast播放  *对话框放大镜  ;
和讯财经	移动财经新闻客户端，经过专业的积累与沉淀，将手机阅读与掌上理财完美结合。	49 万	556	《和讯财经》是和讯网精心打造的一款手机财经新闻软件。<br />以用户体验为主导，展现实时行情数据和专业财经新闻，详细的频道分类，覆盖了股票、基金、黄金、外汇、期货、债券、读书、房产、理财、银行、保险、信托、房产、汽车等。<br />同时，以股票行情为核心，辅以港股、股指期货、外汇、基金、债券、全球行情，配合分时、K线、F10等基本数据，各种实用技术指标，是您必备的财经软件。
百度阅读	null	216 万	183	赞 肥皂小湿妹-2013年10月24日 百度阅读提供快速、轻量、优质的文档阅读工具，有书籍预下载功能，没网络不会影响当前已打开的书籍。
HOT男人	网罗各种内涵、爆笑、传男不传女的笑话段子，支持微信分享。	201 万	106	HOT男人，中国男人最爱的APP，你懂的。<br />全新推出女神交友平台，喜欢就约她。<br />养眼美女，人气话题，顶级冷笑话，全为你呈现。
塔读文学	集当前最火的网络小说、出版文学、经典书籍于一体，功能强大，界面上精美简洁。	1974 万	4134	畅销小说花千骨、小时代、心理罪、盗墓笔记，更有清宫熹妃传等人气网文坐镇，不断更新百万小说，尽情享受阅读的乐趣，潇洒人生，尽在塔读！<br />2、UI风格清新：独创空山翠护眼风格，让你拥有无与伦比的舒适感和与众不同的品位；<br />5、实时分享：独乐乐不如众乐乐，随时随地分享我的阅读、我的心情；
淘小说	null	6.7 万	176	● 起点、神马、红袖、晋江等25大小说名站导航，小说网站内容随意看！<br />更有  ● 仿真、覆盖、平移等多种翻页效果 ● 阅读背景颜色、文字颜色、背景图案和字体自定义 ● TTS语音朗读功能，解放你的双眼！<br />● 贴心的简繁体转换功能，喜欢繁体的用户有福了！
BBC英语听力	null	7.8 万	177	为您呈现最地道、最新、最热的BBC新闻听力，每天更新BBC新闻内容，绝对是英语学习的最佳助手！<br />BBC新闻英语听力旨在提高广大英语学习者的听说水平。；<br />它内容丰富多姿，从此让您告别枯燥的英语学习方式，每天在上班坐地铁走路或睡觉前等零碎时间听一听，一个月之后您会发现您的听力，口语都有一个质的提升。
书城小说	null	28 万	2122	免费的追书工具，专注于网络小说阅读。<br />【核心功能】  1.精选1000万本图书资源，最新最热最全网络小说一网打尽。！<br />8.丰富的阅读主题，个性的字体库，打造属于你的追书神器。
书旗免费小说(简版)	null	3.8 万	2	书旗免费小说(简版)使用非常便捷，无强制弹出广告，海量书籍想看就看，连载书籍闪电更新，看书吐槽人气爆棚，深受广大书友追捧，还不快来下载使用！
Seed	Seed，是一款聚合了精选英文原版国际前沿资讯的个性化日报应用。	8693	14	Seed，是一款聚合了精选英文原版国际前沿资讯的个性化日报应用。
nur	null	45 万	26	"之光网站是新疆连线网络科技有限公司旗下的针对新疆少数民族用户的综合性网站,网站每日访问量与内容的更新及数量方面,在维吾尔网站里占首位。<br />应用的特点: 每日的新闻可以按分类阅读 正常显示维吾尔文字幕 内容的文字大小可以任意调节 通过移动屏幕而调任内容 每日的发布的内容超过300篇,评论超过几千篇。"
CAJViewer    知网期刊论文阅读器	null	15 万	9	是光盘国家工程研究中心、清华同方知网(北京)技术有限公司 CAJViewer 系列产品截至 2006 年 11 月为止的最新版本，它充分吸取了当前市场上各种同类主流产品和自身上一版本 CAJViewer 6.0 的优点，经过长时间市场调查和系统设计而成，兼容 CAJ 和 PDF 等文件。;
少数派	null	3 万	12	在发现优质应用、游戏与设备周边的基础上，还加入了深度评测、入门教程、业界资讯等多个专题模块。<br />在这里，你可以查看文章、应用下载及关键词检索。<br />3. 社交账号一键登录 4. 文章收藏 目前少数派正处于 Beta 阶段，稳定性及界面设计仍有较大的提升空间。；
开发者头条	null	7070	16	《开发者头条》是一个基于开发者阅读和分享的社交平台。<br />如果你是 Java 开发者，你可以订阅与 Java 有关的内容…… 个性你的阅读 通过订阅你感兴趣的主题，《开发者头条》可以变身为你的个性化阅读工具。<br />这里不仅仅可以分享技术，还可以分享你的兴趣。；
有声小说阅读器	null	8.6 万	1276	小说听书神器，用耳朵感受小说的魅力，释放你的双眼，海量热门畅销小说，听你想听，让你一饱耳福，畅听书海。<br />*玄幻奇幻，都市言情，刑侦推理，历史军事，网络热门，官场商战，武侠小说，人物传记等各种分类，应有尽有。<br />* 中外文学有声小说合辑，受益一生  * 流传最广泛，永远不过时  * 用耳朵聆听，感受最内涵的有声小说  * 高清音质，免费奉献，值得珍藏。！
百阅	"""百阅""目前支持包括Android、iPhone、Symbian、Java、Windows mobile和MTK等主流手机平台。"	319 万	254	"们为5000万中国手机用户提供跨平台的移动阅读和社区增值服务。<br />""百阅""目前支持包括Android、iPhone、Symbian、Java、Windows mobile和MTK等主流手机平台，拥有时尚华丽的界面、流畅便捷的操作、贴心舒适的阅读体验，并和多家网络文学网站、出版社深度合作，为用户打造了一座内容丰富的海量在线书城。"
杂志汇	null	11 万	18	中国使用率最广、种类最全、好评最多、且完全免费的手机杂志客户端。<br />每天至少更新5本杂志，300种杂志可订阅可下载还可在线浏览。
海岛奇兵攻略	null	6.2 万	14	《最强攻略 FOR BOOM BEACH》是17173专为BOOM BEACH游戏玩家量身打造的一款攻略应用。<br />－丰富的攻略视频随时速查，让您轻松的了解各种战术及BOSS战；<br />－最新最全最强大的游戏数据库，图鉴数据库涵盖设施、资源、防御、兵种及军事建筑，让您对各种游戏数据有全方位的了解！；
静读天下专业版	null	63 万	624	================================  -About GET_ACCOUNTS permission: used for Google Drive function only -About READ_PHONE_STATE permission: used to stop TTS when there is a call coming  !
基础英语口语	null	33 万	38	"《基础英语口语》,简单而实用，包含了最常用的基础英语口语与短语，随身携带的英语老师,打造一口流利英语。<br />最具代表性的短话和句子,包括了日常生活中的常用短语和句子,  包括商店,旅行,酒店,餐馆等不同大类.程序操作简便,界面直观,内容丰富,是学习口语的好帮手.  软件功能：  1,7大场景,覆盖生活的每个方面.  2,1000多个语句.  3,简约的UI设计,清新自然.。"
布卡漫画HD for Pad	null	10 万	12	首个基于Android Pad专门定制支持的漫画应用-布卡漫画HD
橘子娱乐	可以弹幕互动的娱乐资讯 App	36 万	220	最独家最新鲜最火辣的明星八卦资讯！
CNN在线新闻	重新设计的 CNN，将同时适用于您的手机和平板设备。帮助您了解来自世界各地的最新动态，随时掌握新闻头条和原版消息。	16 万	44	随时了解了最新的头条新闻和原创故事来自世界各地的。<br />?超越国际，政治，舆论，科技和娱乐的故事和更多的表面。<br />这样做可以提高你的应用程序的一些功能，如天气预报，iReport的意见，有能力分享故事与你的社交网络。
FT中文网	源于拥有 125 年历史的英国《金融时报》，拥有深度分析与评论，支持双语阅读，个性定制。	15 万	58	FT是Financial Times的缩写，即英国《金融时报》，是全球最权威的财经媒体之一，已有125年历史。<br />FT中文网秉承《金融时报》百年品牌和权威报道，为中国的读者提供商业财经新闻、深度分析评论。<br />目前已拥有逾200万商业菁英注册用户。
学习中国	null	4.5 万	6	学习中国APP客户端软件是由中央党校中国干部学习网研发的一款针对某一领域知识进行专业化学习的应用软件。<br />本系统展示的内容是习近平同志十八大以来的系列重要讲话和相关知识。
京东阅读	由京东倾力推出，拥有20万款以上的正版图书，支持离线阅读，账号可多设备使用并提供云存储空间。	111 万	700	目前已拥有20万以上的正版图书，无论是最新、最热的纸书，还是网络畅销小说，您都可以在京东读书客户端享受轻松阅读。<br />1、海量正版图书、网络小说，优质的阅读页面带给您高质量阅读感受；<br />2、支持两种网络阅读模式：离线阅读、联网阅读，任您选择；
读圣经	null	13 万	260	创新的右侧笔记，在圣经界面边上直接记录笔记 8、摇一摇直接分享截屏  9、读经计划支持两种阅读模式（段落模式和经节模式）；
多看阅读HD(Pad版)	多看阅读专门为平板电脑研发的全新版本，采用全新界面及交互设计，简洁明亮的扁平化风格。	24 万	24	"2、极致排版，完美展现  每部多看精品书都是资深编辑呕血之作，无论图文混排、绕排、画廊模式，还是拼音、公式，各种绚丽效果皆可完美呈现，更有注释的无缝嵌入、音频视频完美融入、多点交互互动，全面超越纸书的阅读体验。<br />3、TXT、PDF阅读神器  领先行业的中文排版技术，让TXT阅读也可以精致优雅。<br />4、更多功能让您享受阅读乐趣  强大的批注、笔记、书签、字典功能，帮助您深度阅读，更有贴心的阅历、进度同步、云书架、书友圈等功能,让您尽享阅读乐趣。"
百度百科	null	66 万	66	百度百科是百度公司推出的一部内容开放、自由的网络百科全书。<br />百度百科旨在创造一个涵盖各领域知识的中文信息收集平台。<br />产品特点：随时随地，百科全书装进口袋精彩推荐，每天都有新的发现热词新词，做知识的至in达人语音搜索，方便快捷获取知识快乐分享，三人行，必有我师浏览历史，轻松访问温故知新词条收藏，私人百科个性浏览。
鲜果	流行资讯订阅服务，收录了近 9000 家主流报纸、杂志、新闻及专业资讯站，排版精美服务稳定。	150 万	207	鲜果是一款免费的新闻资讯阅读软件，由国内著名的个性化阅读服务商―鲜果网推出。<br />收录了近9000种主流新闻、资讯、报刊杂志、博客和数百万RSS订阅源，您可根据自己的兴趣一站式订阅喜欢的新闻资讯，通过PC、手机、平板电脑进行阅读。<br />精美的排版、清新的风格，让您尽享阅读之乐。
漫画帮	null	28 万	916	【最懂你的漫画阅读社区，打造专属二次元朋友圈】 漫画帮App是一款聚合漫画阅读与话题讨论的二次元贴身神器。<br />「推荐频道」每日提供最新、最夯的漫画与专题；<br />「网漫频道」带你感受长~长~长~~漫画的超爽阅感；
考试通	null	1.2 万	4	* 涵盖公务员、事业单位、教师、会计、财经、招警、农信社招聘、医学、建筑九大考试类型。<br />--书城有什么？ 各大考试的权威教材 不仅仅是教材的电子版，更是能说会练的书中神器。<br />--课堂有什么？ 全名师阵容，讲解考点技巧 在线离线均可观看，更有同步直播课堂，帮你把握最新考情。
奇迹暖暖攻略	null	5445	6	倾力打造《奇迹暖暖》攻略大全，让你一骑绝尘，享受好友羡慕嫉妒恨的眼光！<br />实用的游戏攻略，超好玩的奇迹暖暖攻略陪你更好的体验游戏！<br />要问《奇迹暖暖》怎么全S通关，就来看攻略吧。！
一生必读的60部名著	null	91 万	124	"人类最伟大的智慧、最伟大的思想没有办法从父母那里通过基因来拷贝、遗传, 而是深藏在那些最伟大的书籍之中, 因此, 阅读是传承先人智慧最简便、最有效的方法。<br />阅读虽然不能改变人生的长短, 但却可以改变人生的气象, 它对于一个人的文化高低、知识多少、志向大小、修养好坏、品行优劣、雅俗, 往往起着至关重要的作用。<br />有时, 一本适时的好书, 甚至可以改变一个人的一生。"
保卫萝卜2超级助手	null	4.3 万	12	《保卫萝卜2超级助手》包含游戏内所有关卡的通关秘籍，图文攻略，视频攻略，辅助脚本功能，详细步骤介绍，是玩保卫萝卜2游戏的必备宝典。<br />版本功能： 1.图文攻略，包含最新最全图文资讯攻略！<br />3.辅助功能，轻松通关游戏，你懂的!
炒股票入门	null	61 万	694	【产品简介】 股票知识库，包括了股票入门，理论分析，炒股交易方法与技巧，实践经验总结，名家真言等。<br />二：股民技术成长之路 如何看盘，如何通过看盘来寻求买卖点，包括K线理论、趋势线分析、技术指标macd、kdj和K线入门等，并介绍了选股技法、跟庄技法以独家炒股秘籍，分享老股民投资心得。<br />三：模拟炒股体验股市变化不亏钱 利用模拟炒股软件，感受真实股票行情进行炒股，系统地剖析了新股民进入股市炒股的全过程，语言通俗易懂，在理论的基础上列举了大量的实例进行说明，能够帮助投资者提高操盘水平。
呱呱漫画	null	2.5 万	10	数万部各类题材的漫画作品，覆盖日，欧，美，港台，韩漫等，专为漫画阅读研发阅读器。！<br />软件特点： 1、最专业漫画搜索服务，专选优质漫画资源。<br />2、专业转码阅读功能，体验直追本地漫画。
精读圣经	null	4.6 万	117	本应用以圣经为基础拓展出了朗读、查经、金句、灵修、译本对照、原文字典、读经计划、圣经问答等很实用的功能。<br />自定义功能强，可以自己添加MP3文件、查经资料、译本及灵修内容，还有很多个性化设置，使用非常方便。
飞卢小说	null	6.7 万	4	飞卢小说是业内最优秀的小说阅读及下载客户端，集成了线看书与本地读书等多功能于一体，有着互联网最好的的同人小说阅读体验，以及免费小说、言情小说、都市小说、校园小说、玄幻小说、穿越小说、女生小说等数十万册各类书籍想看就看，并可以小说下载后离线阅读；<br />飞卢文学让您开卷有益、掌阅翻飞，连载原创书籍闪电更新，看书吐槽人气爆棚，读书中享受分享的快乐，深受广大书友追捧，还不快来下载使用！；
蜂鸟摄影	null	12 万	9	蜂鸟摄影安卓客户端是由蜂鸟网打造的移动互联网应用，为广大摄影爱好者提供专业的资讯、图赏，社区交流和分享功能。<br />蜂鸟摄影，使您的影像生活更精彩！<br />?图赏以图片形式浏览每日行业发生的新闻资讯或网友拍摄的精美作品；
i真心话大冒险	null	31 万	19	参加社交派对，同好友小聚，和情人暧昧，在酒吧狂欢，就玩 i真心话大冒险。<br />用了 i真心话大冒险 ， 聚会再也不担心冷场了！<br />题量丰富，玩法多样，游戏新颖，操作简单。！
光环助手	null	5517	3	光环助手是一款基于Android平台的手机游戏助手工具，功能不仅具有手游攻略、资讯、评测，更有游戏礼包以及开服测试信息，是手游玩家一站式服务的不二选择。
cnBeta.COM	null	1.4 万	5	"cnBeta.COM是科技新闻业界媒体的后起之秀,是国内领先的即时科技资讯站点和网友交流平台。<br />消息速度快，报导立场公正中立，网友讨论气氛浓厚，在IT业界拥有独特的影响力。"
生死狙击	null	3908	7	生死狙击是真3D第一人称射击（FPS）游戏，爽快打击和华丽视效的枪战风格，感受枪林弹雨的枪战乐趣。<br />多种对战模式，实现客户端FPS游戏常规玩法无端化，让你随时随地与好兄弟战个痛快！<br />本软件收集了生死狙击游戏中所有的枪械武器供玩家查看。！
经济学人 全球商业评论	null	1.2 万	3	从六月起，非订阅用户每月可免费阅读三篇文章。<br />《经济学人?全球商业评论》 是经济学人旗下首个双语数字应用。<br />通过智能手机及平板电脑，以及本应用直观而具吸引力的用户界面， 您可以阅读由《经济学人》编辑每月从周刊中挑选及翻译的文章，它们涵盖商业、金融、科技，分析全球商界走向，提供深度观察和犀利观点，这是《经济学人》已经开始为全球读者所领略的特色。
粤语学习	null	7.6 万	179	粤语通粤语通免费版粤语儿歌系列之果蔬篇广东话广东话英语词典白话古籍金刚经专辑方言达人方言发音字典学霸听英语听美剧学英语第一册学戏语言看电影学粤语会话学习动听的粤语歌学习宝学习语言学习宝粤语发音词典
轻文轻小说	null	1.7 万	17	轻文轻小说是一家以轻小说等二次元文学内容为主题的内容社区，也是目前内容最全、更新最快、体验最好的轻小说阅读讨论客户端。<br />轻文轻小说有着以下几大特色 【资源齐全】 国轻日轻资源丰富，更新迅速内容齐全 【体验优秀】 界面简洁交互良好，一切只为读书而生 【功能丰富】 最新动态一看便知，关注下载个性阅读 【互动原创】 讨论区里各抒己见，原创投稿我行我上 而一切却远不止于此，一切敬请期待！<br />轻文轻小说反馈①群：300646916（已满） 轻文轻小说反馈②群：475709984（欢迎） 轻文轻小说作者交流群：414264005。
米兔韩流	null	7843	0	“米兔的韩流生活”为喜欢韩流或对韩国感兴趣的人量身定做。<br />在这里你可以看到最新最快的韩流新闻，各种实时数据排行榜，韩国潮流趋势，体验并找到韩式生活中的细节，还可以通过“米兔韩语课堂”学习韩语。
参考消息	null	9 万	13	1.中国最权威的外媒资讯平台，每天为您汇集全球各大主流媒体精华；<br />2.大量独家内容，为您呈现最快、最新、最客观全面的外媒资讯，助您换个角度看世界；<br />通过新华社遍布全球100多个国家和地区的近4000名记者，以及国内最大（近200人，涉及7个语种）最权威的翻译团队，《参考消息》为您转载世界各主流通讯社、报刊杂志和网站的最新消息与精彩评论，发布最有价值的全球政经资讯和最有趣的环球奇闻轶事。
盗墓笔记全集	null	22 万	53	他的《盗墓笔记》系列与另一位作家的《鬼吹灯》系列共同开启了中国小说界的“盗墓时代”。
漫画岛	null	23 万	202	独特的图片处理技术，节省更多空间，高清晰低内存的完美漫画，带给你别具一格的阅读体验；<br />3. 个性分类，智能搜索 分类涵盖题材，精选和作者3种方式，个性化推荐满足漫迷们的挑剔口味；<br />4. 界面清新，操作人性化 软件风格简约时尚，重点突出，上手容易，让你轻松进入漫画世界！
雅虎新闻摘要	重大新闻权威性摘要每天推送给您，让世界一目了然，带给您新的新闻阅读体验。	7.1 万	158	Atoms可以是关键引语、图像、视频、地图、信息图以及维基百科摘录等。<br />这些Atoms单位提供了独特的新闻背景。<br />YahooNewsDigest令您的阅读体验更加广泛、轻松以及完整。
福利宝	null	3.2 万	2	福利宝为您独家提供腾讯精品游戏福利，无论是电脑游戏，还是手机游戏，总有你想要的福利，只需手机上轻轻一点，即刻一键领取；<br /> 产品特色 许愿池： 许愿要礼包，福利宝帮你完成心愿；<br /> 每日抽奖： 登录福利宝，每天都有意外福利哦；
电子画报	null	235 万	0	电子画报是一款新锐的女性鲜享・<br />乐活杂志，这里有最新鲜的女性时尚资讯供你阅读，也有最亲近的美眉们与你分享生活中的快乐与精彩！;<br />“姐妹圈”，分享你的小精彩、坐收她人的大精彩，妙趣横生。！；
轻漫画	null	24 万	344	"轻漫画倾心打造最好的漫画书大全,为你提供最新的花千骨漫画书,爱情公寓漫画版,勇者是女孩,彼之千年,偷星九月天,盗墓笔记漫画,班长大人,暴走邻家, 穿越西元3000年后,斗破苍穹漫画全集,斗罗大陆漫画书等最新最好看的漫画书连载。<br />更有独家漫画书青岚之舞，三国之天下第一，少年游等等 轻漫画是更新最快的漫画软件,漫画控和二次元动漫迷都在这里追漫画,每天给你最新番漫画,里番漫画等好看动漫漫画书 中日韩1000+位原创漫画作者一起努力,不黑白,不扫描！<br />轻漫画官方交流qq群：287650236。！"
单读	null	7.8 万	45	《单读》是这样一个读物，在这里你可以找到阅读的乐趣，思想的碰撞，创意的灵感。<br />它每日提供鲜活的阅读资讯，精彩书评书摘，活跃的文化沙龙信息，咖啡美食以及高品质的生活创意产品推荐。<br />《单读》由单向空间（原单向街图书馆）出品，致力于将全世界最值得阅读的作品传递给你，传递清醒、独特、富有活力的声音。
小米小说	小米出品的网络文学阅读应用，涵盖武幻仙侠、都市情感、历史军事，科幻悬疑，女性言情等等全品类，排版效果和阅读体验一流。	204 万	41	小米小说―最全、最快、最省流量的网络小说阅读神器！<br />每天更有精品人气小说免费畅读！<br />小米小说由专注于精致精品阅读服务的多看阅读团队倾力打造，超一流的排版效果和阅读体验，为您提供迄今为止最卓越的小说阅读体验。
游民星空	null	5.7 万	12	游民星空自己的手机新闻客户端上线啦！
高考帮	通过分数、排名为你推荐符合平行填报的院校志愿，只需填写分数，高考帮即可模拟出你的大排名。	4.9 万	8	高考帮―― 帮你实现大学梦想 面临高考的你，必须要装的一个App： 1.高考考点权威预测 看题模块涵盖高中科目中的各个考点和题型，权威预测高考出题方向，看题做题两不误，面对高考做到心中有底！<br />2.最接地气儿的院校库 除了院校录取分数等“基本款”内容，高考帮还有各校王牌专业、专业排名介绍，甚至哪个食堂最好吃，宿舍有没有空调，哪个自习室最难占座……来自院校学长姐“独家爆料”消息。！
开心消消乐破解版攻略	null	2761	1	"开心消消乐是一款最多妹子在玩的史上最萌休闲三消游戏!<br />开心消消乐破解版攻略,为玩家提供最新开心消消乐玩法攻略，开心消消乐高分技巧攻略，开心消消乐三星通关攻略，开心消消乐破解版攻略，开心消消乐关卡技巧攻略等，希望能够帮助到游戏玩家！!"
Google新闻和天气	null	3140 万	29	"综览头条新闻报道和本地新闻与天气信息，畅享个性化体验 ? 覆盖65,000家新闻媒体 ? 只需轻轻滑动，就能纵览“焦点新闻”、“科技”、“体育”、“天气”等各类栏目 ? 提供60个国家/地区版本、主屏幕小部件和个性化的新闻栏目（例如：“好莱坞”、“NASA”、“时尚”或任何自己喜欢的主题），让您随心调整显示布局，打造最合自己心意的新闻浏览体验 ? 点按某条报道后可以浏览更多深度见解，包括深入报道、观点和本地观点"
太平洋汽车网	null	71 万	17	汽车行情- 全国12地详细汽车报价，这里是中国最优秀的汽车产品报价库！<br />用车技巧- 如何更省油？各种证照、手续等如何办理？用车技巧有妙招！<br />汽车文化- 汽车历史、游记、各种汽车文化不用找，这里全有了！
MBA智库百科	中国最大最全的中文经管百科APP	5.3 万	128	MBA智库百科是中国知名的中文经济、金融、管理、法律百科。<br />MBA智库百科为MBA智库旗下频道，于2006年10月推出。<br />作为专业经济管理理论学习交流的百科频道，其囊括了企业管理者、创业者、学者专家、MBA学生及对企业经营管理等各种感兴趣的人群。
和新闻	null	221 万	1811	“和新闻”是中国移动为用户精心打造的一款新闻客户端，在这里您可以通过视频、图片、文字等形式7x24小时了解最热的实时新闻。<br />【产品特色】 --海量资讯：汇聚了全网数千家的内容源最新资讯，涵盖头条、科技、体育、军事、娱乐、时尚、财经等多个频道。<br />--评论分享：与网友一起评论天下时事，向好友分享你的独特观点。
煎蛋	null	6.3 万	17	1、煎蛋网是以翻译形式每日更新全球新鲜事的新闻网站。<br />2、煎蛋原生 api 读取，操控顺滑，真正节省手机流量。<br />4、文章浏览支持左右滑动操作，段子/无聊图可以OO/XX和吐槽。
笑神来了	搜罗互联网上最爆笑料段子，每日更新上千条，随时随地享，给你不一样的快乐。	127 万	1367	笑神来了，给你不一样的快乐。！<br />在全网最大的笑料社区接交朋友。
Dota2控	null	14 万	80	"DOTA2爱好者必备手册. 里面包含许多DOTA2的资料. 值得珍藏. 会一直更新  功能列表  * 英雄数据库, 包含英雄历史, 技能,开局物品,中期物品等等  * 物品数据库, 物品属性跟价格,合成方案  * 内置英雄资料,技能,能力资料  * 内置英雄出装,技能加点指导  * 内置强大的物品数据库,包含合成配方  * 可自定义每个英雄的出装"
作文大全	null	1.5 万	4	"专业提供中小学生作文大全,人教版小学语文同步单元作文,历年历届中考满分作文,高考满分作文等优秀范文精选及名师写作指导,为中小学生网民及家长朋友们提供写作参考、交流与学习、帮助。"
TXT免费全本小说	null	4.4 万	4	千万资源海量小说，离线阅读只需一键，轻松快捷更省流量，更新内容想看随时看。！<br />2. 多种个性化智能阅读模式，极致阅读，等你体验。<br />4. 在线缓存离线阅读，精品全本一键下载，随时随地享受阅读，不再担心流量。
手机知网	null	14 万	11	手机知网是中国领先的移动知识服务平台，提供全国上万种期刊、报纸等内容个性订阅，以及各类专题知识定制、行业情报推送、文档阅读管理等独具特色的强大知识服务功能，无论工作上还是生活中，都是您必不可少的阅读学习和创新研究工具。<br />2.丰富内容，自由选择 3000余种大众杂志，精彩纷呈。<br />3.新的旧的，一览无余 1994年以来的期刊（部分精品期刊回溯至创刊）、2000年以来的重要报纸、学位论文、会议论文等优质内容资源，新的旧的，一览无余。
冲浪快讯	中国移动为智能手机用户打造的一款集资讯阅读，个性化栏目订阅，集天气预报以及彩信手机报阅读于一体。	181 万	441	【应用特色】： 极速：热点及时送达，聚焦价值资讯，只关心你关心的；<br />直观：界面突破改版，化繁为简，操作体验更流畅；<br />互动：新闻正负能量表达，投票评论，释放你的态度；
爱范儿	国内非常出色的先锋科技媒体，每日更新内容丰富，适合对科技产业感兴趣的读者。	41 万	124	爱范儿官方 Android 客户端，给你呈现最酷最新的科技资讯！
读者	null	20 万	30	内容由读者编辑部亲力打造，设计上深度优化每个细节，力求将每一个文字、每一张图片都完美的呈现给用户。<br />美文共享 心灵互动  《数字读者》立志打造一个专属于“读书人的心灵社交平台”，借助移动互联网技术，聚合千万读者用户，于平台之内分享自己的读书心得，用阅读打通用户的朋友圈等社交通道，于平台之外与好友知己分享精彩书刊内容。！
抽屉新热榜 	以10分钟一条的速度更新各类热点新闻、走红微博、直播贴，恶搞图片等，每天100条。	25 万	39	==什么时候用到抽屉新热榜==   ◎场景一：在早上起床后，晚上睡觉前浏览抽屉新热榜，了解刚刚发生的热门有趣事件。<br />◎场景三：某某八卦出现，抓紧上抽屉看看有没有好玩的新闻和段子！<br />◎场景四：参加饭局，讲下抽屉新热榜上看到的好玩段子、新闻内幕，众人眼光唰唰看向你，很有满足感有木有！
摄影玩家	null	8.6 万	28	【获得荣誉】 摄影技巧类手机应用TOP10/首发上线体验最佳摄影应用类应用/爱旅行走遍天下旅行家地理杂志推荐十大必备应用/上线第一天下载量远超同类产品. 【产品简介】 提供最实用的摄影技术讯息，精选全球杰出的摄影作品，介绍新鲜的摄影潮流、探讨各类器材装备，单反、微单，从摄影入门到专业技巧，从风景写实到人体艺术，从家庭摄影到商业摄影，从数码单反到胶片旁轴，摄影玩家不可不看的价值内容。
漫画大全	null	2.4 万	2	"漫画大全是一款手机看漫画软件。<br />采用分图模式, 使手机也能看清漫画;"
微读圣经HD	null	8.8 万	281	2.每日灵粮 读经计划 每日金句，荒漠甘泉，以及人性化的按计划读经功能，内置了麦琴读经等多种读经计划，帮助你养成每日读经灵修的好习惯。<br />3.圣经注释 对照阅读 应用内目前提供了圣经精读本注释，以及多个译本对照阅读的功能，帮助你更深入的研读和理解神的话语。<br />8.经文分享 社交互动 可以通过多种渠道分享圣经经文给你的朋友。
听书宝	null	2.2 万	0	释放你的双眼，开启新的读书方式。
书旗小说HD	null	3 万	2	书旗HD客户端，专为Android平板设计。<br />书虫必备小说阅读神器，功能体验全面升级，全网小说任你搜。<br />一键缓存到本地，让你随时随地自由畅读。
第一财经	null	5.5 万	8	-----中国最好的财经新闻客户端----- “第一财经”客户端是中国最大财经媒体集团“第一财经”精心打造的旗舰产品，是A股投资理财、商业决策、宏观分析必备手机客户端。<br />产品特色：  ◆ 全新视觉呈现，时尚酷炫的界面，阅读根本停不下来！<br />◆ 电视、广播、文字，7*24小时全方位直播，精彩怎能错过？ ◆ 1500位记者编辑独家服务，他们在全球各地提供最及时、最独家财经新闻。！
黑岩阅读	null	17 万	31	黑岩阅读是北京黑岩信息技术有限公司旗下的手机阅读客户端，提供海量免费连载和完本小说，是华语大悬疑第一品牌。！<br />黑岩阅读同时涵盖悬疑、灵异、仙侠、奇幻、科幻、游戏等领域的绿色阅读。<br />读书就等于把生活中寂寞的辰光换成巨大享受的时刻，快快来点我吧~。
中国国家地理	对地震进行深度解析与背景解读，每日滚动更新，让权威地理文章为所有人解惑。	54 万	50	【应用特色】  - 基于LBS技术的革新用户体验，聚合中国国家地理经典独家内容，领略不一样的周边。<br />- 精挑细选的每日一图，将遥远的美，搬运到眼前。<br />- 精彩文章轻松分享，让阅读成为一种享受。
穿越火线控	null	4.9 万	29	希望能给大家带来帮助，玩转穿越火线！
讲个笑话	null	122 万	2237	笑话，段子，逋迹一网打尽 【主要成分】  汇集互联网上各类新鲜流行的笑话段子，实时更新，支持复制分享 【适应人群】  给有一身内涵细胞却被深深埋没的你！<br />放松心情，轻松解压，居家旅行、开心必备！<br />【注意事项】  禁忌独享享，提倡众乐乐，分享是美德。！
一生必读的历史书	null	33 万	44	"""万历十五年"",""中国人史纲"",""中国全史（100卷全）"",""中国历史通俗演义"",""中国大历史"",""中国通史1"",""中国通史（全十卷）"",""全球通史"",""剑桥中华人民共和国史（下）：革命中国内部的革命1966―1982"",""剑桥中华民国史（上下卷）"",""剑桥中国明代史（上卷）"",""剑桥中国晚清史（上下卷）"",""剑桥中国秦汉史"",""剑桥中国辽西夏金元史"",""剑桥中国隋唐史（上卷）"",""史记"",""资治通鉴全译本（柏杨版）"""
原油宝	null	32 万	452	原油宝3.0着重优化行情、资讯、直播、喊单、策略等多种功能，以一体化服务抢占原油投资“小高岭”。！<br />同时，行情品种覆盖贵金属、股票、基金、外汇、期货等多重领域，经得住所有用户的“大阅兵”。<br />收益特种部队：丰富行情、新鲜资讯、精准喊单，直击高收益！
酷我听书HD	null	1.1 万	0	国内最全有声资源，50000部有声小说，30000段相声小品，1800档电台栏目，百万正版音乐，数十万部儿歌儿童读物、笑话段子、名家评书、英语学习、培训资料、健康养生、文学名著等，最精细完美的分类，最优质专业的内容呈现，最懒人的听书方式，爱听什么就多听什么。<br />在拥挤烦困的上班路上，轻松搞笑节目纾解你工作的压力；<br />在闲的不想打DOTA的时候，都市玄幻满足你的无限遐想…… 解放双眼，轻松收听，便捷下载。！；
YOYO卡箱	null	18 万	11	在这里您既可以获得全网最具价值的手游礼 包，钻石、装备、珍惜资源唾手可得；<br />又能先人一步领取最新手游的激活码，享受YOYO独家的优先体验。；<br />在每日上架热门游戏礼包的同时，定期更有各大游戏厂商专为yoyo卡箱制作的珍稀礼包发放，价值倍儿高，东西倍儿好，天天惊喜，周周劲爆，让你平民一举变土豪。
口袋题库考研	null	7 万	24	2.错题练习+科学统计你的学习效果，推荐给你最适合的真题！<br />3.口袋题库与各大考研机构合作内容，保证教学资源的全面系统！<br />4.错题练习、做题估分、做题统计、在线视频、离线下载、疑问解答，口袋题库为每一个研友做到最好的考研复习体验！
环球时报	null	40 万	20	《环球时报》新闻客户端全新升级，正式更名为《环球TIME》新闻客户端。<br />《环球TIME》新闻客户端作为国内唯一一款拥有中英双语的新闻客户端，以《环球时报》、环球网优质原创内容为依托，立足全球视野，全方位呈现独家、深度、权威的新闻资讯，挖掘可持续商业价值的财经解读，紧贴潮流前沿的时尚热点及纵览世界军事变革大势的精彩图文。<br />《环球TIME》新闻客户端秉承老版本《环球时报》新闻客户端现有的《环球时报》、《Global Times》优质内容，并新增环球TIME栏目，下设推荐、时政、军事、财经和时尚板块，每日倾力推荐优质的国内外新闻资讯，第一时间传递重大时事新闻、金融财经动向、精选军事科技资讯及酷帅时尚动态。
TXT免费全本阅读器	null	1.9 万	2	【产品简介】 TXT免费全本阅读器拥有全本热门TXT小说连载，离线下载阅读一键即可，更专注于用户的体验。<br />2.     个性化智能阅读方式，支持TXT等主流小说格式，专注于您的阅读体验。
书包	null	18 万	27	这样无论是地铁，飞机上，郊外，都可以随时随地阅读书包网的小说了。
快听免费小说	null	1.5 万	129	★最强大的书库资源，最贴心的缺书登记功能 ★最人性化的护眼模式，最美观的阅读界面 ★最简洁的操作方式，最及时的连载更新提示 ★不仅支持在线阅读，还支持离线阅读 软件从发布开始，就已经获得了百万读者的热荐。<br />来这里，可以和你的小伙伴一起快乐追书，一起快乐评书。<br />美好生活每一天从阅读开始，美好阅读从快听免费小说开始。
美图	null	4 万	6	高清美图  艺术写真?极致美景?炫目动效，《高清美图》是你从未见过的高品质视觉欣赏杂志，超新鲜快感，一网打尽全部收录。
盗墓笔记	null	2.1 万	0	《盗墓笔记》是南派三叔所著的盗墓题材小说，首发于起点中文网。<br />《盗墓笔记捌：大结局（上、下）》于2011年12月19日上市，至此《盗墓笔记》系列完结，共出版实体书八本。<br />《盗墓笔记》系列是南派三叔的代表作，其堪称近年来中国出版界的神作，长期占据国内各大图书销售排行榜榜首，获得百万读者狂热追捧，盛赞不断。
凿音	null	1.8 万	26	凿音，时间轴全面展现事件来龙去脉，持续追踪，永不烂尾。<br />凿音，汇集微信热文观点（杂谈，时评），深度解析新闻事件。<br />凿音，提供丰富的新闻资讯，关注你关心的。
免费电子书	null	14 万	2	免费电子书是一款智能手机阅读器，应用内提供了大量电子书，免费小说、全本小说、网络原创小说，包括玄幻、都市、女性、言情、军事、历史等类别，应用内置的手机阅读器可实现离线下载阅读，带给您超棒、超舒适的阅读体验。
诗词中国	null	34 万	11	该平台主打“参赛平台”、“主题搜索”、“以诗会友”、“诗词自修课”几大模块，能够实现投稿参赛、投票转发、搜索诗词、欣赏作品、分享美文等诸多功能，并可以实现同微博、微信等自媒体客户端自由链接转换。<br />此外，客户端还可以一键下载“诗词格律检测软件”和“李小白”手机游戏，帮助用户轻松玩转诗词。<br />1.诗词轮播： 每天一篇古诗词趣味文章，名家解读，别致有趣。
泰拉瑞亚合成表	null	4.2 万	13	此泰拉瑞亚物品合成表包括PC版完整的物品内容，是泰拉瑞亚玩家随身必备的速查手册，帮助您更好地在泰拉瑞亚世界中畅游。<br />注：此合成表基于pc最新版1.2.4.1。
芝士	碎片时间阅读，书摘帮你用 1 本书的时间读 10 本	3.9 万	1212	各种好玩、有趣、有用的帖子为你推荐精华好书  2、频道一一帮你一本正经的侃世界！<br />互动频道任你玩耍，发帖回帖随心所欲，打造自己的个性频道  图书、影音、故事，多种干货喂饱你  3、发现一一想你所想，猜你所爱  智能推荐，精品好书连连看  最有趣、最独特的内容邂逅最精品的推荐  窥探男神女神足迹，一本正经的偷窥TA的精神世界。！
粉笔考研	null	6.5 万	46	在线观看耗流量少，高品质音质给您最佳的上课体验。；<br />2. 直播课离线下载：错过直播也不怕，直播课所有课程任意缓存，随时随地想看就看。<br />4. 智能评估精准预测：每次练习完即可对答案，系统根据你的历次练习记录智能评估你对每个知识点的掌握程度，引导你更有针对性地攻克弱项，并能精准预测考分。
现代汉语词典	null	42 万	33	"汇集了六万多个中文词汇,2万多个成语词库以及二百多个经典成语故事于一体;<br />1.集成新华字典,内容全面精典,包含多种查询方式;<br />4.适用于老师，所有学生，方便学习记忆，软件简单好用。;"
兼职答题赚钱	null	1784	1	“兼职答题赚钱”动动手指回答问题就可以赚钱了！<br />使用兼职答题赚钱无需路途奔波，在任何地方只需利用碎片时间就可以答题赚钱；<br />兼职答题赚钱--史上最靠谱的手机赚钱APP!；
全民抢红包	null	7294	36	《开心抢红包》是一款可以在QQ、微信上自动抢红包工具。
会声会影	null	4529	28	会声会影其成批转换功能与捕获格式完整支持，让视频影片更快、更有效率；<br />画面特写镜头与对象创意覆叠，可随意享受新奇百变的创意视频效果；<br />配乐大师与杜比AC3支持，让影片配乐更精准、更立体；
达答	null	19 万	43	"主要功能：  -汇聚高大上，耪ㄌ熘识问答25万题 -各类奇葩达人数十万 -每天各种搭讪N….次！<br />适应人群：  -给一直觉得EQ,IQ都很高，却被埋没的你 -适合一直没有修炼成“韦小宝”的你 -湿度适宜，老少皆宜！<br />-重要事项 -独乐乐不如众乐乐，找好友挑战一局，炫耀下，是美德！"
可米酷漫画	null	6.1 万	661	更轻盈的漫画书橱――海量原创漫画每日更新免费看；<br />更爽滑的阅读体验――不分页，上下滑动一体化浏览，嗖的一下就看完；<br />可能是最惊心的有声漫画――动态特效+声效，duang的一下卷入异次元。!；
离线听书	null	3.8 万	3	1、本地听书无需联网，就可以听到非常有感情的文章 2、完全免费，是目前安卓上最强大，最智能的听书软件，非常出色 3、不仅可以听中文，还可以听英文等其它语言 4、听书有感情，非常流畅，强烈推荐！
爱听360听书	null	21 万	115	"爱听360支持支付宝支付，微信登陆，微博分享.爱听360听书拥有英语学习，有声小说，评书，相声，百家讲坛，儿歌，儿童故事，少儿读物等大量有声资源免费收听 。<br />有声小说，今日头条新闻, 今日资讯， 广播剧，耽美二次元动漫配音，音乐, 电台，收音机，广播，播客，各种糗事百科，内涵段子, 各种精选的无节操内容，相声脱口秀,英语儿歌,小说评书必备应用。<br />懒人听书神器，有声小说追书神器，听书神器，从此不再失眠。!"
微信读书	基于微信关系链的官方阅读应用，去瞧瞧小伙伴们都在读什么吧！	2.3 万	6	在提供海量书籍资源和极致阅读体验的同时，融合了好友的阅读经历，通过微信好友的在读信息为你推荐优质书籍，支持与好友沟通互动，思想碰撞，交流想法。<br />为了增加阅读趣味性，微信读书还提供了与微信好友PK每周读书时长排行。<br />微信读书，将社交完美融合进阅读行为，让阅读不再孤独。
一问	一款简单和专注的应用，通过它能够每天向读者推荐一家优秀的创业公司或创业者。	5.7 万	32	「一问」由 TechNode 出品，每天介绍一家创业公司。<br />人们似乎忘记了，驱动着整个互联网行业向前发展的反而是那些不太知名的创业公司。<br />他们是这个行业的源动力，但却受到最少的关注。
内涵福利社	null	4343	0	这是App Store上最有名的内涵App，这是一款真正有【内涵】、有【福利】的App，不下载会后悔哦！
故事会	null	12 万	6	"故事会安卓应用软件是由上海世纪出版集团《故事会》杂志主办，主旨是为读者提供丰富多彩的故事文学作品。<br />应用软件内故事文章均由上海世纪出版集团《故事会》杂志提供，汇聚《故事会》杂志近30年来的精彩故事，日后会不断增加各类故事内容,定期更新最新故事作品。"
即刻	「即刻」是一款基于兴趣的极简信息推送工具。	1.4 万	18	「即刻」是一款基于兴趣的极简信息推送工具。<br />互联网浪潮下的阅读姿势」阅读专题推荐 - 选择感兴趣的主题，剩下的一切交给「即刻」 - 精选优质内容源，让你得到最好的信息服务 - 针对不同类型的主题，随心选择开关推送通知 - 你最关心的消息，第一时间推送提醒 你关心的，即刻告诉你。;
乐教乐学	null	1.3 万	2	乐教乐学是一款专门为学校设计的家校沟通应用，自动建立学生群、家长群、教师群，可以布置线下作业、发布通告、发起问卷调查、自动更新课程表，其交流功能和微信相似，但比短信、微信更适合学校的需要。<br />【相互学习的朋友圈】 支持朋友圈功能，让学生可以发布心情、见闻、小说、绘画、照片等，让相互学习、鼓励更方便。<br />让家长可以方便共同交流、展示各项教育心得、孩子作品等。
影音先锋播放器	null	2920	0	影音先锋无需压缩，转码，直接播放，支持各种影音资源真正的纯播放器！<br />多种视频一个播放器就可以搞定了。
汽车在线	null	10 万	111	汽车在线(http://www.gpsoo.net)，是全球最大的GPS车载监控管理平台，汽车在线-GPS车载监控客户端软件，采用百度、谷歌地图，方便用户随时随地掌握车辆状况。
大角虫漫画	null	4.4 万	4	凡是上架作品必然日更，你喜欢的漫画每天都约，催更什么的才不会呢！<br />3、这里的读者都大触！<br />目前版本以及后续开发，不给任性才不会呢！
鬼吹灯全集	null	1.1 万	5	《鬼吹灯》是一部极为经典的悬疑盗墓小说。<br />前四部由周建龙播讲，后四部由国风播讲。<br />恐怖悬疑的故事，灵异惊悚的氛围，盗墓、僵尸、玄术，一次听个够！
百度书城	百度文学重磅推出的一款全新的手机阅读软件，拥有玄幻、武侠、言情、穿越等数十万精品原创小说。	19 万	12	百度书城是百度文学重磅推出的一款全新手机阅读软件，拥有数十万册玄幻、武侠、都市、言情、穿越等流行精品原创小说。<br />应用界面精致，拥有强大的仿真3D翻页特效，便捷的章节离线下载及语音朗读功能，带给您极致的阅读体验！
云中书城	null	241 万	290	欢迎您免费下载体验国内最好的电子书阅读类应用：云中书城！<br />云中书城是盛大文学推出的一款精品手机阅读应用，是一个可随身携带的电子书店，海量图书可供用户随意下载，提供轻松舒适的看书体验。！；<br />书籍推荐：智能推荐、新书推荐等多种推荐方式贴心推荐各种精品好书，让您更快的找到您所喜爱的各类书籍作品；
美蓝漫画	null	6.2 万	2133	超好看的精彩漫画免费看 比韩剧精彩的最新人气漫画每天看！<br />在各大漫画网站平台连载着最高品质漫画的美蓝漫城经过两年的漫长准备，为了因收费漫画而困扰的漫画爱好者们推出了“美蓝漫画”APP。！<br />北京美而蓝科技咨询有限公司 ※该应用以及应用内的所有作品的版权以及最终解释权均归本公司所有。
睡前故事	null	8788	5	《睡前故事》是由深圳市恩多科技有限公司开发的一款适合3-12岁少儿睡前聆听的手机应用，优美的故事语言，舒缓的故事情节，美好的故事结局，能把宝宝带进甜蜜的梦乡。<br />睡前故事让孩子更加感到有安全感，更愿意让他与他人交流，增加了彼此间的信任。<br />本公司多年来从事教育产品的研发，通过实践发现，常听睡前故事的少年儿童更活泼，外向，与别人沟通更顺利，而且处事能力比较强，经常会成为交际圈的人际高手。
